[{"UserName": "@2c196daa6df57aef7433ce2f3a0c90dfcc295910d3b0b3026842fca329a22166", "City": "\u6cb3\u6e90", "DisplayName": "", "UniFriend": 0, "MemberList": [], "PYQuanPin": "spanclassemojiemoji1f3b5spanaxiuluo", "RemarkPYInitial": "", "Sex": 1, "AppAccountFlag": 0, "VerifyFlag": 0, "Province": "\u5e7f\u4e1c", "KeyWord": "", "RemarkName": "", "PYInitial": "SPANCLASSEMOJIEMOJI1F3B5SPANAXL", "IsOwner": 0, "ChatRoomId": 0, "HideInputBarFlag": 0, "EncryChatRoomId": "", "AttrStatus": 4133, "SnsFlag": 1, "MemberCount": 0, "OwnerUin": 0, "Alias": "", "Signature": "", "ContactFlag": 1, "NickName": "<span class=\"emoji emoji1f3b5\"></span>   \u963f\u4fee\u7f57", "RemarkPYQuanPin": "", "HeadImgUrl": "/cgi-bin/mmwebwx-bin/webwxgeticon?seq=611250099&username=@2c196daa6df57aef7433ce2f3a0c90dfcc295910d3b0b3026842fca329a22166&skey=@crypt_35d4cc78_b5ae72772d2937abc936da5865a4ee03", "Uin": 0, "StarFriend": 0, "Statues": 0}, {"UserName": "@b40e465477a44487d5d59d9c617405b391545664897e54ce35935d5a3a949b4d", "City": "\u5409\u6797", "DisplayName": "", "UniFriend": 0, "MemberList": [], "PYQuanPin": "jinghunjifeng", "RemarkPYInitial": "", "Sex": 1, "AppAccountFlag": 0, "VerifyFlag": 0, "Province": "\u5409\u6797", "KeyWord": "", "RemarkName": "", "PYInitial": "JHJF", "IsOwner": 0, "ChatRoomId": 0, "HideInputBarFlag": 0, "EncryChatRoomId": "", "AttrStatus": 233573, "SnsFlag": 1, "MemberCount": 0, "OwnerUin": 0, "Alias": "", "Signature": "\u4ece\u4eca\u6539\u540d\u5929\u7b56\u536b", "ContactFlag": 1, "NickName": "\u7cbe\u9b42\u9701\u5c01", "RemarkPYQuanPin": "", "HeadImgUrl": "/cgi-bin/mmwebwx-bin/webwxgeticon?seq=611250533&username=@b40e465477a44487d5d59d9c617405b391545664897e54ce35935d5a3a949b4d&skey=@crypt_35d4cc78_b5ae72772d2937abc936da5865a4ee03", "Uin": 0, "StarFriend": 0, "Statues": 0}, {"UserName": "@2d9e0b266e3444cbd492c55a584c8c05", "City": "\u592a\u539f", "DisplayName": "", "UniFriend": 0, "MemberList": [], "PYQuanPin": "SKY", "RemarkPYInitial": "", "Sex": 1, "AppAccountFlag": 0, "VerifyFlag": 0, "Province": "\u5c71\u897f", "KeyWord": "xf1", "RemarkName": "", "PYInitial": "SKY", "IsOwner": 0, "ChatRoomId": 0, "HideInputBarFlag": 0, "EncryChatRoomId": "", "AttrStatus": 4135, "SnsFlag": 17, "MemberCount": 0, "OwnerUin": 0, "Alias": "", "Signature": "\u4e00\u82b1\u4e00\u4e16\u754c\n                  \u4e00\u5ff5\u4e00\u76f8\u601d", "ContactFlag": 3, "NickName": "SKY", "RemarkPYQuanPin": "", "HeadImgUrl": "/cgi-bin/mmwebwx-bin/webwxgeticon?seq=614800251&username=@2d9e0b266e3444cbd492c55a584c8c05&skey=@crypt_35d4cc78_b5ae72772d2937abc936da5865a4ee03", "Uin": 0, "StarFriend": 0, "Statues": 0}, {"UserName": "@941c191053fb84576ce031a8c0dd18be95cdd27e6ea63a0e1497d66f8c0f8a61", "City": "\u5357\u660c", "DisplayName": "", "UniFriend": 0, "MemberList": [], "PYQuanPin": "Wuganghuge", "RemarkPYInitial": "", "Sex": 1, "AppAccountFlag": 0, "VerifyFlag": 0, "Province": "\u6c5f\u897f", "KeyWord": "", "RemarkName": "", "PYInitial": "WUGANGHG", "IsOwner": 0, "ChatRoomId": 0, "HideInputBarFlag": 0, "EncryChatRoomId": "", "AttrStatus": 102439, "SnsFlag": 17, "MemberCount": 0, "OwnerUin": 0, "Alias": "", "Signature": "\u5feb\u4e50\u4eba\u751f\u3002", "ContactFlag": 3, "NickName": "Wugang\uff08\u864e\u54e5\uff09", "RemarkPYQuanPin": "", "HeadImgUrl": "/cgi-bin/mmwebwx-bin/webwxgeticon?seq=614800679&username=@941c191053fb84576ce031a8c0dd18be95cdd27e6ea63a0e1497d66f8c0f8a61&skey=@crypt_35d4cc78_b5ae72772d2937abc936da5865a4ee03", "Uin": 0, "StarFriend": 0, "Statues": 0}, {"UserName": "@afa407c6871f19893ad39bca74f6f722891b420d11bfe0ee7a94cc3016406124", "City": "", "DisplayName": "", "UniFriend": 0, "MemberList": [], "PYQuanPin": "liujie", "RemarkPYInitial": "", "Sex": 1, "AppAccountFlag": 0, "VerifyFlag": 0, "Province": "\u6c5f\u897f", "KeyWord": "", "RemarkName": "", "PYInitial": "LJ", "IsOwner": 0, "ChatRoomId": 0, "HideInputBarFlag": 0, "EncryChatRoomId": "", "AttrStatus": 4133, "SnsFlag": 1, "MemberCount": 0, "OwnerUin": 0, "Alias": "", "Signature": "\u5fc3\u4e4b\u6240\u5411\uff0c\u65e0\u4eba\u53ef\u6321", "ContactFlag": 1, "NickName": "\u5218\u6770", "RemarkPYQuanPin": "", "HeadImgUrl": "/cgi-bin/mmwebwx-bin/webwxgeticon?seq=611250577&username=@afa407c6871f19893ad39bca74f6f722891b420d11bfe0ee7a94cc3016406124&skey=@crypt_35d4cc78_b5ae72772d2937abc936da5865a4ee03", "Uin": 0, "StarFriend": 0, "Statues": 0}, {"UserName": "@ee55d15d24f9fae364b0a9339e63d86ef6ff3be18a2fc1f2d3e39d746aa98aa1", "City": "\u5357\u660c", "DisplayName": "", "UniFriend": 0, "MemberList": [], "PYQuanPin": "maomao", "RemarkPYInitial": "", "Sex": 1, "AppAccountFlag": 0, "VerifyFlag": 0, "Province": "\u6c5f\u897f", "KeyWord": "", "RemarkName": "", "PYInitial": "MM", "IsOwner": 0, "ChatRoomId": 0, "HideInputBarFlag": 0, "EncryChatRoomId": "", "AttrStatus": 16887845, "SnsFlag": 1, "MemberCount": 0, "OwnerUin": 0, "Alias": "", "Signature": "\u6bdb\u6bdb", "ContactFlag": 1, "NickName": "\u6bdb\u6bdb", "RemarkPYQuanPin": "", "HeadImgUrl": "/cgi-bin/mmwebwx-bin/webwxgeticon?seq=618410169&username=@ee55d15d24f9fae364b0a9339e63d86ef6ff3be18a2fc1f2d3e39d746aa98aa1&skey=@crypt_35d4cc78_b5ae72772d2937abc936da5865a4ee03", "Uin": 0, "StarFriend": 0, "Statues": 0}, {"UserName": "@1a2c66612a21b12dd40c16b8ad8220564e9297abb5ca2178f1135174e6ec5960", "City": "", "DisplayName": "", "UniFriend": 0, "MemberList": [], "PYQuanPin": "zhjr", "RemarkPYInitial": "", "Sex": 2, "AppAccountFlag": 0, "VerifyFlag": 0, "Province": "\u4e0a\u6d77", "KeyWord": "", "RemarkName": "", "PYInitial": "ZHJR", "IsOwner": 0, "ChatRoomId": 0, "HideInputBarFlag": 0, "EncryChatRoomId": "", "AttrStatus": 102909, "SnsFlag": 48, "MemberCount": 0, "OwnerUin": 0, "Alias": "", "Signature": "\u9756\u8339", "ContactFlag": 3, "NickName": "zhjr", "RemarkPYQuanPin": "", "HeadImgUrl": "/cgi-bin/mmwebwx-bin/webwxgeticon?seq=614800584&username=@1a2c66612a21b12dd40c16b8ad8220564e9297abb5ca2178f1135174e6ec5960&skey=@crypt_35d4cc78_b5ae72772d2937abc936da5865a4ee03", "Uin": 0, "StarFriend": 0, "Statues": 0}, {"UserName": "@c54b6c8a2180cf182d126abd39861bd5b352de49a8189f1768bc6f5e38629e1b", "City": "\u8d63\u5dde", "DisplayName": "", "UniFriend": 0, "MemberList": [], "PYQuanPin": "jujiangjiuzuoge", "RemarkPYInitial": "", "Sex": 1, "AppAccountFlag": 0, "VerifyFlag": 0, "Province": "\u6c5f\u897f", "KeyWord": "", "RemarkName": "", "PYInitial": "JJJZG", "IsOwner": 0, "ChatRoomId": 0, "HideInputBarFlag": 0, "EncryChatRoomId": "", "AttrStatus": 4197, "SnsFlag": 1, "MemberCount": 0, "OwnerUin": 0, "Alias": "", "Signature": "\u96c4\u5173\u6f2b\u9053\u771f\u5982\u94c1\uff0c\u800c\u4eca\u8fc8\u6b65\u4ece\u5934\u8d8a", "ContactFlag": 3, "NickName": "\u4e14\u5c06\u9152\u4f5c\u6b4c", "RemarkPYQuanPin": "", "HeadImgUrl": "/cgi-bin/mmwebwx-bin/webwxgeticon?seq=623440378&username=@c54b6c8a2180cf182d126abd39861bd5b352de49a8189f1768bc6f5e38629e1b&skey=@crypt_35d4cc78_b5ae72772d2937abc936da5865a4ee03", "Uin": 0, "StarFriend": 0, "Statues": 0}, {"UserName": "@52a795f7445d5b8d5583ddad292998b125d2c07fe5a94f59eec21a702e716353", "City": "\u53a6\u95e8", "DisplayName": "", "UniFriend": 0, "MemberList": [], "PYQuanPin": "MEI", "RemarkPYInitial": "", "Sex": 1, "AppAccountFlag": 0, "VerifyFlag": 0, "Province": "\u798f\u5efa", "KeyWord": "", "RemarkName": "", "PYInitial": "MEI", "IsOwner": 0, "ChatRoomId": 0, "HideInputBarFlag": 0, "EncryChatRoomId": "", "AttrStatus": 102437, "SnsFlag": 17, "MemberCount": 0, "OwnerUin": 0, "Alias": "", "Signature": "\u68a6\u6709\u591a\u8fdc\uff0c\u6211\u5c31\u80fd\u98de\u591a\u8fdc\uff01", "ContactFlag": 3, "NickName": "MEI", "RemarkPYQuanPin": "", "HeadImgUrl": "/cgi-bin/mmwebwx-bin/webwxgeticon?seq=623440549&username=@52a795f7445d5b8d5583ddad292998b125d2c07fe5a94f59eec21a702e716353&skey=@crypt_35d4cc78_b5ae72772d2937abc936da5865a4ee03", "Uin": 0, "StarFriend": 0, "Statues": 0}, {"UserName": "@a88cbce15853a580f28b8988c02fe8b90de37e5ac3bc4248f8c1dfee9a32974d", "City": "\u7709\u5c71", "DisplayName": "", "UniFriend": 0, "MemberList": [], "PYQuanPin": "jinchibohai", "RemarkPYInitial": "", "Sex": 1, "AppAccountFlag": 0, "VerifyFlag": 0, "Province": "\u56db\u5ddd", "KeyWord": "", "RemarkName": "", "PYInitial": "JCBH", "IsOwner": 0, "ChatRoomId": 0, "HideInputBarFlag": 0, "EncryChatRoomId": "", "AttrStatus": 33591351, "SnsFlag": 17, "MemberCount": 0, "OwnerUin": 0, "Alias": "", "Signature": "\u7f18\u6765\u7f18\u53bb", "ContactFlag": 3, "NickName": "\u91d1\u7fc5\u64d8\u6d77", "RemarkPYQuanPin": "", "HeadImgUrl": "/cgi-bin/mmwebwx-bin/webwxgeticon?seq=607580418&username=@a88cbce15853a580f28b8988c02fe8b90de37e5ac3bc4248f8c1dfee9a32974d&skey=@crypt_35d4cc78_b5ae72772d2937abc936da5865a4ee03", "Uin": 0, "StarFriend": 0, "Statues": 0}, {"UserName": "@8dc3fedd7628f870649abc26aa6d6f807153b8d700afa7695b82135c8b057a62", "City": "\u5357\u5145", "DisplayName": "", "UniFriend": 0, "MemberList": [], "PYQuanPin": "o", "RemarkPYInitial": "", "Sex": 1, "AppAccountFlag": 0, "VerifyFlag": 0, "Province": "\u56db\u5ddd", "KeyWord": "", "RemarkName": "", "PYInitial": "O", "IsOwner": 0, "ChatRoomId": 0, "HideInputBarFlag": 0, "EncryChatRoomId": "", "AttrStatus": 4197, "SnsFlag": 17, "MemberCount": 0, "OwnerUin": 0, "Alias": "", "Signature": "", "ContactFlag": 3, "NickName": "\u2026\u2026^o^\u2026\u2026", "RemarkPYQuanPin": "", "HeadImgUrl": "/cgi-bin/mmwebwx-bin/webwxgeticon?seq=623440939&username=@8dc3fedd7628f870649abc26aa6d6f807153b8d700afa7695b82135c8b057a62&skey=@crypt_35d4cc78_b5ae72772d2937abc936da5865a4ee03", "Uin": 0, "StarFriend": 0, "Statues": 0}, {"UserName": "@53fa6263f72da263681148d626a25f867e6857f2c94ca6fe51469d6020b9a56d", "City": "\u6df1\u5733", "DisplayName": "", "UniFriend": 0, "MemberList": [], "PYQuanPin": "JeffQue", "RemarkPYInitial": "QJF", "Sex": 1, "AppAccountFlag": 0, "VerifyFlag": 0, "Province": "\u5e7f\u4e1c", "KeyWord": "", "RemarkName": "\u9619\u91d1\u5cf0", "PYInitial": "JEFFQUE", "IsOwner": 0, "ChatRoomId": 0, "HideInputBarFlag": 0, "EncryChatRoomId": "", "AttrStatus": 102501, "SnsFlag": 1, "MemberCount": 0, "OwnerUin": 0, "Alias": "", "Signature": "", "ContactFlag": 1, "NickName": "Jeff  Que", "RemarkPYQuanPin": "quejinfeng", "HeadImgUrl": "/cgi-bin/mmwebwx-bin/webwxgeticon?seq=616290222&username=@53fa6263f72da263681148d626a25f867e6857f2c94ca6fe51469d6020b9a56d&skey=@crypt_35d4cc78_b5ae72772d2937abc936da5865a4ee03", "Uin": 0, "StarFriend": 0, "Statues": 0}, {"UserName": "@6a3f7f7d9fd4dc9fa12c49cb6d72b5662f6dab2bed02d066e57b31cd8d3b5cc5", "City": "\u5927\u5802\u533a", "DisplayName": "", "UniFriend": 0, "MemberList": [], "PYQuanPin": "yangjian", "RemarkPYInitial": "", "Sex": 1, "AppAccountFlag": 0, "VerifyFlag": 0, "Province": "\u6fb3\u95e8", "KeyWord": "", "RemarkName": "", "PYInitial": "YJ", "IsOwner": 0, "ChatRoomId": 0, "HideInputBarFlag": 0, "EncryChatRoomId": "", "AttrStatus": 100389, "SnsFlag": 49, "MemberCount": 0, "OwnerUin": 0, "Alias": "", "Signature": "\u65f6\u95f4\u4e0d\u4e00\u5b9a\u80fd\u8bc1\u660e\u5f88\u591a\u4e1c\u897f\uff0c\u4f46\u4e00\u5b9a\u80fd\u900f\u9732\u5f88\u591a\u4e1c\u897f...", "ContactFlag": 3, "NickName": "\u6768\u5065", "RemarkPYQuanPin": "", "HeadImgUrl": "/cgi-bin/mmwebwx-bin/webwxgeticon?seq=623440931&username=@6a3f7f7d9fd4dc9fa12c49cb6d72b5662f6dab2bed02d066e57b31cd8d3b5cc5&skey=@crypt_35d4cc78_b5ae72772d2937abc936da5865a4ee03", "Uin": 0, "StarFriend": 0, "Statues": 0}, {"UserName": "@936b63ceaf852ce9d3b080a19adaafc959d53a4070868de903c930af7674622f", "City": "", "DisplayName": "", "UniFriend": 0, "MemberList": [], "PYQuanPin": "lianggexiaowanzideba", "RemarkPYInitial": "", "Sex": 1, "AppAccountFlag": 0, "VerifyFlag": 0, "Province": "Vorarlberg", "KeyWord": "zha", "RemarkName": "", "PYInitial": "LGXWZDB", "IsOwner": 0, "ChatRoomId": 0, "HideInputBarFlag": 0, "EncryChatRoomId": "", "AttrStatus": 33658919, "SnsFlag": 17, "MemberCount": 0, "OwnerUin": 0, "Alias": "", "Signature": "11\u67087\u65e5\u81f312\u67082\u65e5\u671f\u95f4\u53bb\u5fb7\u56fd\u5b66\u4e60\uff0c\u624b\u673a\u6682\u65f6\u505c\u7528\uff0c\u5982\u6709\u4e8b\u8bf7\u7559\u8a00\uff0c", "ContactFlag": 3, "NickName": "\u4e24\u4e2a\u5c0f\u4e38\u5b50\u7684\u7238", "RemarkPYQuanPin": "", "HeadImgUrl": "/cgi-bin/mmwebwx-bin/webwxgeticon?seq=626900211&username=@936b63ceaf852ce9d3b080a19adaafc959d53a4070868de903c930af7674622f&skey=@crypt_35d4cc78_b5ae72772d2937abc936da5865a4ee03", "Uin": 0, "StarFriend": 0, "Statues": 0}, {"UserName": "@a810465a2771aa85a65383945e271e3f7e1c2880d9dbd94b660dbdd92fc3e57f", "City": "", "DisplayName": "", "UniFriend": 0, "MemberList": [], "PYQuanPin": "yunshanghua", "RemarkPYInitial": "", "Sex": 0, "AppAccountFlag": 0, "VerifyFlag": 0, "Province": "", "KeyWord": "", "RemarkName": "", "PYInitial": "YSH", "IsOwner": 0, "ChatRoomId": 0, "HideInputBarFlag": 0, "EncryChatRoomId": "", "AttrStatus": 4133, "SnsFlag": 1, "MemberCount": 0, "OwnerUin": 0, "Alias": "", "Signature": "", "ContactFlag": 3, "NickName": "\u4e91\u4e0a\u82b1", "RemarkPYQuanPin": "", "HeadImgUrl": "/cgi-bin/mmwebwx-bin/webwxgeticon?seq=626901777&username=@a810465a2771aa85a65383945e271e3f7e1c2880d9dbd94b660dbdd92fc3e57f&skey=@crypt_35d4cc78_b5ae72772d2937abc936da5865a4ee03", "Uin": 0, "StarFriend": 0, "Statues": 0}, {"UserName": "@00787e47c37d1b42ba5f661162ecbbbef158743037478aef8db46eb9501330cc", "City": "\u9f99\u5ca9", "DisplayName": "", "UniFriend": 0, "MemberList": [], "PYQuanPin": "huahua", "RemarkPYInitial": "", "Sex": 2, "AppAccountFlag": 0, "VerifyFlag": 0, "Province": "\u798f\u5efa", "KeyWord": "", "RemarkName": "", "PYInitial": "HH", "IsOwner": 0, "ChatRoomId": 0, "HideInputBarFlag": 0, "EncryChatRoomId": "", "AttrStatus": 102501, "SnsFlag": 17, "MemberCount": 0, "OwnerUin": 0, "Alias": "", "Signature": "\u5927\u90e8\u5206\u7684\u4e0d\u6210\u529f\uff0c\u6765\u81ea\u4e8e\u81ea\u5df1\u6240\u8c13\u7684\u72b9\u8c6b\uff0c\u52a0\u6cb9", "ContactFlag": 1, "NickName": "\u82b1\u82b1", "RemarkPYQuanPin": "", "HeadImgUrl": "/cgi-bin/mmwebwx-bin/webwxgeticon?seq=623441459&username=@00787e47c37d1b42ba5f661162ecbbbef158743037478aef8db46eb9501330cc&skey=@crypt_35d4cc78_b5ae72772d2937abc936da5865a4ee03", "Uin": 0, "StarFriend": 0, "Statues": 0}, {"UserName": "@bb8621065c233e93112e8b8ea46b0ab458f930eae94487885b428320f0456442", "City": "\u8d63\u5dde", "DisplayName": "", "UniFriend": 0, "MemberList": [], "PYQuanPin": "beichengyibeiyiduolishang", "RemarkPYInitial": "", "Sex": 1, "AppAccountFlag": 0, "VerifyFlag": 0, "Province": "\u6c5f\u897f", "KeyWord": "", "RemarkName": "", "PYInitial": "BCYBYDLS", "IsOwner": 0, "ChatRoomId": 0, "HideInputBarFlag": 0, "EncryChatRoomId": "", "AttrStatus": 16941437, "SnsFlag": 17, "MemberCount": 0, "OwnerUin": 0, "Alias": "", "Signature": "\u3002\u3002\u3002\u3002", "ContactFlag": 3, "NickName": "\u3043\u5317\u57ce\u4ee5\u5317\uff0c\u4e00\u6735\u79bb\u6b87\u309b", "RemarkPYQuanPin": "", "HeadImgUrl": "/cgi-bin/mmwebwx-bin/webwxgeticon?seq=623440704&username=@bb8621065c233e93112e8b8ea46b0ab458f930eae94487885b428320f0456442&skey=@crypt_35d4cc78_b5ae72772d2937abc936da5865a4ee03", "Uin": 0, "StarFriend": 0, "Statues": 0}, {"UserName": "@9a6b2f3e3da947d4a664c1cc66863547", "City": "\u5b81\u6ce2", "DisplayName": "", "UniFriend": 0, "MemberList": [], "PYQuanPin": "HI", "RemarkPYInitial": "", "Sex": 1, "AppAccountFlag": 0, "VerifyFlag": 0, "Province": "\u6d59\u6c5f", "KeyWord": "rua", "RemarkName": "", "PYInitial": "HI", "IsOwner": 0, "ChatRoomId": 0, "HideInputBarFlag": 0, "EncryChatRoomId": "", "AttrStatus": 111207, "SnsFlag": 49, "MemberCount": 0, "OwnerUin": 0, "Alias": "", "Signature": "", "ContactFlag": 1, "NickName": "HI", "RemarkPYQuanPin": "", "HeadImgUrl": "/cgi-bin/mmwebwx-bin/webwxgeticon?seq=626902487&username=@9a6b2f3e3da947d4a664c1cc66863547&skey=@crypt_35d4cc78_b5ae72772d2937abc936da5865a4ee03", "Uin": 0, "StarFriend": 0, "Statues": 0}, {"UserName": "@3f480698a17edf4711f148c4f8324b14782c3f3391823d7a9c921262088a9d06", "City": "\u6df1\u5733", "DisplayName": "", "UniFriend": 0, "MemberList": [], "PYQuanPin": "FlyJiang", "RemarkPYInitial": "JF", "Sex": 1, "AppAccountFlag": 0, "VerifyFlag": 0, "Province": "\u5e7f\u4e1c", "KeyWord": "", "RemarkName": "\u6c5f\u70fd", "PYInitial": "FLYJIANG", "IsOwner": 0, "ChatRoomId": 0, "HideInputBarFlag": 0, "EncryChatRoomId": "", "AttrStatus": 4231269, "SnsFlag": 17, "MemberCount": 0, "OwnerUin": 0, "Alias": "", "Signature": "I've done all I could, so that I could be with you.", "ContactFlag": 1, "NickName": "Fly Jiang", "RemarkPYQuanPin": "jiangfeng", "HeadImgUrl": "/cgi-bin/mmwebwx-bin/webwxgeticon?seq=607580872&username=@3f480698a17edf4711f148c4f8324b14782c3f3391823d7a9c921262088a9d06&skey=@crypt_35d4cc78_b5ae72772d2937abc936da5865a4ee03", "Uin": 0, "StarFriend": 0, "Statues": 0}, {"UserName": "@3ef82001c3b9da2d179ed116222e2b6fbeb1ccf82de4d369151cf5f952afdf0b", "City": "\u5eca\u574a", "DisplayName": "", "UniFriend": 0, "MemberList": [], "PYQuanPin": "yishengyouni", "RemarkPYInitial": "", "Sex": 1, "AppAccountFlag": 0, "VerifyFlag": 0, "Province": "\u6cb3\u5317", "KeyWord": "", "RemarkName": "", "PYInitial": "YSYN", "IsOwner": 0, "ChatRoomId": 0, "HideInputBarFlag": 0, "EncryChatRoomId": "", "AttrStatus": 4133, "SnsFlag": 1, "MemberCount": 0, "OwnerUin": 0, "Alias": "", "Signature": "", "ContactFlag": 3, "NickName": "\u4e00\u751f\u6709\u4f60", "RemarkPYQuanPin": "", "HeadImgUrl": "/cgi-bin/mmwebwx-bin/webwxgeticon?seq=626902575&username=@3ef82001c3b9da2d179ed116222e2b6fbeb1ccf82de4d369151cf5f952afdf0b&skey=@crypt_35d4cc78_b5ae72772d2937abc936da5865a4ee03", "Uin": 0, "StarFriend": 0, "Statues": 0}, {"UserName": "@6e4253bbf2d169b7740248f4e88ef2c5ad8228f6d5134ea9b6ab3d7d915c39e5", "City": "", "DisplayName": "", "UniFriend": 0, "MemberList": [], "PYQuanPin": "mopo", "RemarkPYInitial": "", "Sex": 1, "AppAccountFlag": 0, "VerifyFlag": 0, "Province": "", "KeyWord": "", "RemarkName": "", "PYInitial": "MP", "IsOwner": 0, "ChatRoomId": 0, "HideInputBarFlag": 0, "EncryChatRoomId": "", "AttrStatus": 16879717, "SnsFlag": 1, "MemberCount": 0, "OwnerUin": 0, "Alias": "", "Signature": "I see that v and I are always together on the keyboard et<span class=\"emoji emoji1f33f\"></span>", "ContactFlag": 3, "NickName": "\u58a8\u2019\u7834", "RemarkPYQuanPin": "", "HeadImgUrl": "/cgi-bin/mmwebwx-bin/webwxgeticon?seq=618410060&username=@6e4253bbf2d169b7740248f4e88ef2c5ad8228f6d5134ea9b6ab3d7d915c39e5&skey=@crypt_35d4cc78_b5ae72772d2937abc936da5865a4ee03", "Uin": 0, "StarFriend": 0, "Statues": 0}, {"UserName": "@fada5a180da7398a355c041318e141909c8aaaddbcb20456b3123aebf8ec5892", "City": "\u6210\u90fd", "DisplayName": "", "UniFriend": 0, "MemberList": [], "PYQuanPin": "123", "RemarkPYInitial": "", "Sex": 1, "AppAccountFlag": 0, "VerifyFlag": 0, "Province": "\u56db\u5ddd", "KeyWord": "", "RemarkName": "", "PYInitial": "123", "IsOwner": 0, "ChatRoomId": 0, "HideInputBarFlag": 0, "EncryChatRoomId": "", "AttrStatus": 168741, "SnsFlag": 17, "MemberCount": 0, "OwnerUin": 0, "Alias": "", "Signature": "", "ContactFlag": 3, "NickName": "1 2 3", "RemarkPYQuanPin": "", "HeadImgUrl": "/cgi-bin/mmwebwx-bin/webwxgeticon?seq=626903409&username=@fada5a180da7398a355c041318e141909c8aaaddbcb20456b3123aebf8ec5892&skey=@crypt_35d4cc78_b5ae72772d2937abc936da5865a4ee03", "Uin": 0, "StarFriend": 0, "Statues": 0}, {"UserName": "@083842fcb77fc6a5c280c15d97ef21604b03276026711f871273c0a9b91d2612", "City": "\u9633\u6cc9", "DisplayName": "", "UniFriend": 0, "MemberList": [], "PYQuanPin": "moresuihua", "RemarkPYInitial": "", "Sex": 2, "AppAccountFlag": 0, "VerifyFlag": 0, "Province": "\u5c71\u897f", "KeyWord": "", "RemarkName": "", "PYInitial": "MRSH", "IsOwner": 0, "ChatRoomId": 0, "HideInputBarFlag": 0, "EncryChatRoomId": "", "AttrStatus": 4297213, "SnsFlag": 1, "MemberCount": 0, "OwnerUin": 0, "Alias": "", "Signature": "\u575a\u6301\u6700\u521d\u7684\u68a6\u60f3\uff0c\u575a\u6301\u6700\u521d\u7684\u81ea\u5df1", "ContactFlag": 3, "NickName": "\u83ab\u82e5\u968f\u83ef", "RemarkPYQuanPin": "", "HeadImgUrl": "/cgi-bin/mmwebwx-bin/webwxgeticon?seq=626903490&username=@083842fcb77fc6a5c280c15d97ef21604b03276026711f871273c0a9b91d2612&skey=@crypt_35d4cc78_b5ae72772d2937abc936da5865a4ee03", "Uin": 0, "StarFriend": 0, "Statues": 0}, {"UserName": "@13ab740e446764eef3f103f2d4146630", "City": "\u6df1\u5733", "DisplayName": "", "UniFriend": 0, "MemberList": [], "PYQuanPin": "KateLiang", "RemarkPYInitial": "LYH", "Sex": 1, "AppAccountFlag": 0, "VerifyFlag": 0, "Province": "\u5e7f\u4e1c", "KeyWord": "qut", "RemarkName": "\u6881\u6654\u6656", "PYInitial": "KATELIANG", "IsOwner": 0, "ChatRoomId": 0, "HideInputBarFlag": 0, "EncryChatRoomId": "", "AttrStatus": 4135, "SnsFlag": 17, "MemberCount": 0, "OwnerUin": 0, "Alias": "", "Signature": "", "ContactFlag": 3, "NickName": "Kate_Liang", "RemarkPYQuanPin": "liangyehui", "HeadImgUrl": "/cgi-bin/mmwebwx-bin/webwxgeticon?seq=626903567&username=@13ab740e446764eef3f103f2d4146630&skey=@crypt_35d4cc78_b5ae72772d2937abc936da5865a4ee03", "Uin": 0, "StarFriend": 0, "Statues": 0}, {"UserName": "@42f695fdcd7ecb28ab420cf5011f92db5fdc872ae7fee94053c92006e31b67ea", "City": "\u65b0\u4f59", "DisplayName": "", "UniFriend": 0, "MemberList": [], "PYQuanPin": "minjianglingyin", "RemarkPYInitial": "", "Sex": 1, "AppAccountFlag": 0, "VerifyFlag": 0, "Province": "\u6c5f\u897f", "KeyWord": "", "RemarkName": "", "PYInitial": "MJLY", "IsOwner": 0, "ChatRoomId": 0, "HideInputBarFlag": 0, "EncryChatRoomId": "", "AttrStatus": 102501, "SnsFlag": 1, "MemberCount": 0, "OwnerUin": 0, "Alias": "", "Signature": "\u4ece\u4f60\u7684\u5168\u4e16\u754c\u8def\u8fc7", "ContactFlag": 3, "NickName": "\u5cb7\u6c5f\u7075\u9690", "RemarkPYQuanPin": "", "HeadImgUrl": "/cgi-bin/mmwebwx-bin/webwxgeticon?seq=626903669&username=@42f695fdcd7ecb28ab420cf5011f92db5fdc872ae7fee94053c92006e31b67ea&skey=@crypt_35d4cc78_b5ae72772d2937abc936da5865a4ee03", "Uin": 0, "StarFriend": 0, "Statues": 0}, {"UserName": "@12b4f209824b7f2876ec79f2cc98c7cfd1c3b4a1014eb50eed50564a1f6dedea", "City": "", "DisplayName": "", "UniFriend": 0, "MemberList": [], "PYQuanPin": "jiuyi", "RemarkPYInitial": "CCC", "Sex": 1, "AppAccountFlag": 0, "VerifyFlag": 0, "Province": "Kowloon City", "KeyWord": "", "RemarkName": "ccc", "PYInitial": "JY", "IsOwner": 0, "ChatRoomId": 0, "HideInputBarFlag": 0, "EncryChatRoomId": "", "AttrStatus": 135269, "SnsFlag": 1, "MemberCount": 0, "OwnerUin": 0, "Alias": "", "Signature": "\u5df1\u6240\u4e0d\u6b32\uff0c\u52ff\u65bd\u4e8e\u4eba", "ContactFlag": 3, "NickName": "\u4e45\u58f9", "RemarkPYQuanPin": "ccc", "HeadImgUrl": "/cgi-bin/mmwebwx-bin/webwxgeticon?seq=626903717&username=@12b4f209824b7f2876ec79f2cc98c7cfd1c3b4a1014eb50eed50564a1f6dedea&skey=@crypt_35d4cc78_b5ae72772d2937abc936da5865a4ee03", "Uin": 0, "StarFriend": 0, "Statues": 0}, {"UserName": "@32f8552cc4c56b72d2a9695030d10265", "City": "\u4e50\u5c71", "DisplayName": "", "UniFriend": 0, "MemberList": [], "PYQuanPin": "H77", "RemarkPYInitial": "", "Sex": 1, "AppAccountFlag": 0, "VerifyFlag": 0, "Province": "\u56db\u5ddd", "KeyWord": "QWs", "RemarkName": "", "PYInitial": "H77", "IsOwner": 0, "ChatRoomId": 0, "HideInputBarFlag": 0, "EncryChatRoomId": "", "AttrStatus": 37875815, "SnsFlag": 17, "MemberCount": 0, "OwnerUin": 0, "Alias": "", "Signature": "", "ContactFlag": 3, "NickName": "H77", "RemarkPYQuanPin": "", "HeadImgUrl": "/cgi-bin/mmwebwx-bin/webwxgeticon?seq=626903789&username=@32f8552cc4c56b72d2a9695030d10265&skey=@crypt_35d4cc78_b5ae72772d2937abc936da5865a4ee03", "Uin": 0, "StarFriend": 0, "Statues": 0}, {"UserName": "@c2fa4bff44fc001a6af3fcfea452119a", "City": "\u957f\u6c99", "DisplayName": "", "UniFriend": 0, "MemberList": [], "PYQuanPin": "Youngzhuo", "RemarkPYInitial": "", "Sex": 1, "AppAccountFlag": 0, "VerifyFlag": 0, "Province": "\u6e56\u5357", "KeyWord": "cyz", "RemarkName": "", "PYInitial": "YOUNGZ", "IsOwner": 0, "ChatRoomId": 0, "HideInputBarFlag": 0, "EncryChatRoomId": "", "AttrStatus": 102527, "SnsFlag": 17, "MemberCount": 0, "OwnerUin": 0, "Alias": "", "Signature": "\u751f\u6d3b\u9700\u8981\u4e50\u89c2 \u79ef\u6781 \u5411\u4e0a \u624d\u6709\u8d28\u91cf \u9ad8\u5ea6 \u548c \u54c1\u4f4d", "ContactFlag": 3, "NickName": "Young  \u5353\u2018", "RemarkPYQuanPin": "", "HeadImgUrl": "/cgi-bin/mmwebwx-bin/webwxgeticon?seq=626903867&username=@c2fa4bff44fc001a6af3fcfea452119a&skey=@crypt_35d4cc78_b5ae72772d2937abc936da5865a4ee03", "Uin": 0, "StarFriend": 0, "Statues": 0}, {"UserName": "@2d4538fff4e33f998539cef1299b981fef6d6b0cb9d508e7ee27553509c69f9d", "City": "\u5e7f\u5dde", "DisplayName": "", "UniFriend": 0, "MemberList": [], "PYQuanPin": "fengxinzi", "RemarkPYInitial": "", "Sex": 2, "AppAccountFlag": 0, "VerifyFlag": 0, "Province": "\u5e7f\u4e1c", "KeyWord": "", "RemarkName": "", "PYInitial": "FXZ", "IsOwner": 0, "ChatRoomId": 0, "HideInputBarFlag": 0, "EncryChatRoomId": "", "AttrStatus": 4296765, "SnsFlag": 17, "MemberCount": 0, "OwnerUin": 0, "Alias": "", "Signature": "Lights will guide you home.", "ContactFlag": 3, "NickName": "\u98ce\u4fe1\u5b50", "RemarkPYQuanPin": "", "HeadImgUrl": "/cgi-bin/mmwebwx-bin/webwxgeticon?seq=623441467&username=@2d4538fff4e33f998539cef1299b981fef6d6b0cb9d508e7ee27553509c69f9d&skey=@crypt_35d4cc78_b5ae72772d2937abc936da5865a4ee03", "Uin": 0, "StarFriend": 0, "Statues": 0}, {"UserName": "@1178da98732baeba8d511edc866aa45d451ce00edca3849bf159af822df4b36b", "City": "", "DisplayName": "", "UniFriend": 0, "MemberList": [], "PYQuanPin": "wuxiaoxiao", "RemarkPYInitial": "", "Sex": 0, "AppAccountFlag": 0, "VerifyFlag": 0, "Province": "", "KeyWord": "", "RemarkName": "", "PYInitial": "WXX", "IsOwner": 0, "ChatRoomId": 0, "HideInputBarFlag": 0, "EncryChatRoomId": "", "AttrStatus": 4133, "SnsFlag": 1, "MemberCount": 0, "OwnerUin": 0, "Alias": "", "Signature": "\u4eba\u751f\u5728\u4e8e\u662f\u5426\u6709\u8ffd\u6c42\uff0c\u662f\u5426\u6709\u4ef7\u503c\u3002\u4e3a\u4e86\u90a3\u5565\uff0c\u5e0c\u671b\u6211\u4eec\u90fd\u4f1a\u6210\u529f\u3002", "ContactFlag": 3, "NickName": "\u65e0\u6f47\u6f47", "RemarkPYQuanPin": "", "HeadImgUrl": "/cgi-bin/mmwebwx-bin/webwxgeticon?seq=623440029&username=@1178da98732baeba8d511edc866aa45d451ce00edca3849bf159af822df4b36b&skey=@crypt_35d4cc78_b5ae72772d2937abc936da5865a4ee03", "Uin": 0, "StarFriend": 0, "Statues": 0}, {"UserName": "@34ec728f34f9384f8867071765df86cd66879b150a87ae801e8c00bb12e402d0", "City": "\u4e0a\u9976", "DisplayName": "", "UniFriend": 0, "MemberList": [], "PYQuanPin": "renqirenxingrenshixin", "RemarkPYInitial": "", "Sex": 2, "AppAccountFlag": 0, "VerifyFlag": 0, "Province": "\u6c5f\u897f", "KeyWord": "", "RemarkName": "", "PYInitial": "RQRXRSX", "IsOwner": 0, "ChatRoomId": 0, "HideInputBarFlag": 0, "EncryChatRoomId": "", "AttrStatus": 102501, "SnsFlag": 1, "MemberCount": 0, "OwnerUin": 0, "Alias": "", "Signature": "", "ContactFlag": 3, "NickName": "^\u3002\u4efb\u6c14\u4efb\u6027\u4efb\u5931\u5fc3*\uff5e", "RemarkPYQuanPin": "", "HeadImgUrl": "/cgi-bin/mmwebwx-bin/webwxgeticon?seq=626904711&username=@34ec728f34f9384f8867071765df86cd66879b150a87ae801e8c00bb12e402d0&skey=@crypt_35d4cc78_b5ae72772d2937abc936da5865a4ee03", "Uin": 0, "StarFriend": 0, "Statues": 0}, {"UserName": "@05499f81053a21bb9665a5a2157258c01b84939eee8b804856753e10060201a1", "City": "", "DisplayName": "", "UniFriend": 0, "MemberList": [], "PYQuanPin": "duochidianer", "RemarkPYInitial": "", "Sex": 0, "AppAccountFlag": 0, "VerifyFlag": 0, "Province": "", "KeyWord": "", "RemarkName": "", "PYInitial": "DCDE", "IsOwner": 0, "ChatRoomId": 0, "HideInputBarFlag": 0, "EncryChatRoomId": "", "AttrStatus": 4133, "SnsFlag": 1, "MemberCount": 0, "OwnerUin": 0, "Alias": "", "Signature": "", "ContactFlag": 3, "NickName": "\u591a\u5403\u70b9\u513f", "RemarkPYQuanPin": "", "HeadImgUrl": "/cgi-bin/mmwebwx-bin/webwxgeticon?seq=626904780&username=@05499f81053a21bb9665a5a2157258c01b84939eee8b804856753e10060201a1&skey=@crypt_35d4cc78_b5ae72772d2937abc936da5865a4ee03", "Uin": 0, "StarFriend": 0, "Statues": 0}]