[{"UserName": "@@94e4312fcba58039394a74ac404b036ce4cfdf80f87eba5d08290bcddd76d5d3", "City": "", "DisplayName": "", "UniFriend": 0, "MemberList": [], "PYQuanPin": "weixinjiqirenceshi", "RemarkPYInitial": "", "Sex": 0, "AppAccountFlag": 0, "VerifyFlag": 0, "Province": "", "KeyWord": "", "RemarkName": "", "PYInitial": "WXJQRCS", "IsOwner": 0, "ChatRoomId": 0, "HideInputBarFlag": 0, "EncryChatRoomId": "", "AttrStatus": 0, "SnsFlag": 0, "MemberCount": 0, "OwnerUin": 0, "Alias": "", "Signature": "", "ContactFlag": 3, "NickName": "\u5fae\u4fe1\u673a\u5668\u4eba\u6d4b\u8bd5", "RemarkPYQuanPin": "", "HeadImgUrl": "/cgi-bin/mmwebwx-bin/webwxgetheadimg?seq=626901306&username=@@94e4312fcba58039394a74ac404b036ce4cfdf80f87eba5d08290bcddd76d5d3&skey=@crypt_35d4cc78_b5ae72772d2937abc936da5865a4ee03", "Uin": 0, "StarFriend": 0, "Statues": 0}, {"UserName": "@@f66a4cd0d7f58516cae35edb68ab6812ee8a1fe624bf70b698e70a494b02f1a8", "City": "", "DisplayName": "", "UniFriend": 0, "MemberList": [], "PYQuanPin": "jiarenqun", "RemarkPYInitial": "", "Sex": 0, "AppAccountFlag": 0, "VerifyFlag": 0, "Province": "", "KeyWord": "", "RemarkName": "", "PYInitial": "JRQ", "IsOwner": 0, "ChatRoomId": 0, "HideInputBarFlag": 0, "EncryChatRoomId": "", "AttrStatus": 0, "SnsFlag": 0, "MemberCount": 0, "OwnerUin": 0, "Alias": "", "Signature": "", "ContactFlag": 3, "NickName": "\u5bb6\u4eba\u7fa4", "RemarkPYQuanPin": "", "HeadImgUrl": "/cgi-bin/mmwebwx-bin/webwxgetheadimg?seq=626903319&username=@@f66a4cd0d7f58516cae35edb68ab6812ee8a1fe624bf70b698e70a494b02f1a8&skey=@crypt_35d4cc78_b5ae72772d2937abc936da5865a4ee03", "Uin": 0, "StarFriend": 0, "Statues": 0}]