{"@@f66a4cd0d7f58516cae35edb68ab6812ee8a1fe624bf70b698e70a494b02f1a8": [{"UserName": "@b97fcc776794bf9bbde10bf2b837b7114b779b34ebe9076dfbff358c0ed2a161", "RemarkPYQuanPin": "", "DisplayName": "", "KeyWord": "", "PYInitial": "", "Uin": 0, "MemberStatus": 0, "PYQuanPin": "", "RemarkPYInitial": "", "NickName": "\u6f06\u5802\u6625123", "AttrStatus": 102437}, {"UserName": "@1dda738946cc40466450933f82e66f60", "RemarkPYQuanPin": "", "DisplayName": "", "KeyWord": "qij", "PYInitial": "", "Uin": 0, "MemberStatus": 0, "PYQuanPin": "", "RemarkPYInitial": "", "NickName": "<span class=\"emoji emoji1f342\"></span>\u5728\u4f60\u5de6\u8fb9<span class=\"emoji emoji1f340\"></span>\ud83d\udc0f", "AttrStatus": 33667711}, {"UserName": "@1ea08c97709ab47ea6fcb9cad809ab8d", "RemarkPYQuanPin": "", "DisplayName": "", "KeyWord": "min", "PYInitial": "", "Uin": 0, "MemberStatus": 0, "PYQuanPin": "", "RemarkPYInitial": "", "NickName": "\u6f06\u6f06", "AttrStatus": 104743}, {"UserName": "@d3aff3eb4036c740122a2981112be792a5cfb97f9a2fe3c5677da842b3cbb67b", "RemarkPYQuanPin": "", "DisplayName": "", "KeyWord": "", "PYInitial": "", "Uin": 0, "MemberStatus": 0, "PYQuanPin": "", "RemarkPYInitial": "", "NickName": "\u968f\u5176\u81ea\u7136", "AttrStatus": 103205}, {"UserName": "@32f8552cc4c56b72d2a9695030d10265", "RemarkPYQuanPin": "", "DisplayName": "\u6f06\u4f1f", "KeyWord": "QWs", "PYInitial": "", "Uin": 0, "MemberStatus": 0, "PYQuanPin": "", "RemarkPYInitial": "", "NickName": "H77", "AttrStatus": 37875815}, {"UserName": "@a3cfc9425c2ec438fb2998257e424c3e", "RemarkPYQuanPin": "", "DisplayName": "", "KeyWord": "aa0", "PYInitial": "", "Uin": 0, "MemberStatus": 0, "PYQuanPin": "", "RemarkPYInitial": "", "NickName": "\u4f46\u8d85<span class=\"emoji emoji1f525\"></span>", "AttrStatus": 102439}, {"UserName": "@0e0258f6af0a4bc5383aa61e645d936fb3541d9785840057058e36d31fdf5e13", "RemarkPYQuanPin": "", "DisplayName": "", "KeyWord": "", "PYInitial": "", "Uin": 0, "MemberStatus": 0, "PYQuanPin": "", "RemarkPYInitial": "", "NickName": "\u5f20\u6708\u743c", "AttrStatus": 4133}, {"UserName": "@4566e07f870870076403d926f4984aea5c1dcbf7125fa5db5744f34a8a625627", "RemarkPYQuanPin": "", "DisplayName": "", "KeyWord": "", "PYInitial": "", "Uin": 0, "MemberStatus": 0, "PYQuanPin": "", "RemarkPYInitial": "", "NickName": "<span class=\"emoji emoji1f342\"></span>\u5728\u4f60\u53f3\u8fb9<span class=\"emoji emoji1f33f\"></span>\ud83d\udc0f", "AttrStatus": 33789991}, {"UserName": "@ae01868ce37973fc06a3f0a1c1fd482af0006623ca54385e74b81c2ec84fe4b1", "RemarkPYQuanPin": "", "DisplayName": "", "KeyWord": "", "PYInitial": "", "Uin": 0, "MemberStatus": 0, "PYQuanPin": "", "RemarkPYInitial": "", "NickName": "\u5f20\u6653\u82f1", "AttrStatus": 4197}, {"UserName": "@de9da5cb260192d89a3d74e6c7af24654198f75a17d668a53043729bf24311ff", "RemarkPYQuanPin": "", "DisplayName": "", "KeyWord": "", "PYInitial": "", "Uin": 0, "MemberStatus": 0, "PYQuanPin": "", "RemarkPYInitial": "", "NickName": "\u8001\u4e5d", "AttrStatus": 102437}, {"UserName": "@78214c9d2dafe21ae54cc660c1e91d35567ea445f4aad824747baa43189b6d0a", "RemarkPYQuanPin": "", "DisplayName": "", "KeyWord": "", "PYInitial": "", "Uin": 0, "MemberStatus": 0, "PYQuanPin": "", "RemarkPYInitial": "", "NickName": "\u6f06\u5802\u91d1", "AttrStatus": 102437}, {"UserName": "@84d0582ef401f318dcb8d7c6c7bfd3b35c0d00fc5e24fab3bc6f1502a7df31f3", "RemarkPYQuanPin": "", "DisplayName": "", "KeyWord": "", "PYInitial": "", "Uin": 0, "MemberStatus": 0, "PYQuanPin": "", "RemarkPYInitial": "", "NickName": "\u5927\u53d4", "AttrStatus": 102497}, {"UserName": "@f727b3517b15e0db4e831b5a056bd5ad1b73d3c1bbe3a2172af08f70afc93e2c", "RemarkPYQuanPin": "", "DisplayName": "\u6e38\u5fb7\u826f", "KeyWord": "", "PYInitial": "", "Uin": 0, "MemberStatus": 0, "PYQuanPin": "", "RemarkPYInitial": "", "NickName": "\u624b\u7275\u624b\u7684\u627f\u8bfa", "AttrStatus": 4963}, {"UserName": "@4432ba494d1a908c56acb0b2c24f231c35a1f169b49b538683f65a39c547acef", "RemarkPYQuanPin": "", "DisplayName": "", "KeyWord": "", "PYInitial": "", "Uin": 0, "MemberStatus": 0, "PYQuanPin": "", "RemarkPYInitial": "", "NickName": "\u79c0\u79c0", "AttrStatus": 4865}, {"UserName": "@b983c802843e99c13f6f466d79a162614ce74ff3fd9a067f3b21d80c949576d9", "RemarkPYQuanPin": "", "DisplayName": "\u6f06\u8d85\u4f1a", "KeyWord": "", "PYInitial": "", "Uin": 0, "MemberStatus": 0, "PYQuanPin": "", "RemarkPYInitial": "", "NickName": "\ud83c\udf977  \u00b7  7", "AttrStatus": 105469}, {"UserName": "@364a29373057f0c0a1b2377ba451d069", "RemarkPYQuanPin": "", "DisplayName": "", "KeyWord": "Dj5", "PYInitial": "", "Uin": 0, "MemberStatus": 0, "PYQuanPin": "", "RemarkPYInitial": "", "NickName": "\u6bb5\u6d01", "AttrStatus": 106853}, {"UserName": "@8bb485f0224d99edf280a8145782201bebd3df5780c97c50f6fa1241dfd55470", "RemarkPYQuanPin": "", "DisplayName": "", "KeyWord": "", "PYInitial": "", "Uin": 0, "MemberStatus": 0, "PYQuanPin": "", "RemarkPYInitial": "", "NickName": "Clark", "AttrStatus": 4133}, {"UserName": "@6ec651e9b3fb347be1edec2d68e8ce5e4d155ed5f2c6595dec578ae34ea6bb63", "RemarkPYQuanPin": "", "DisplayName": "", "KeyWord": "", "PYInitial": "", "Uin": 0, "MemberStatus": 0, "PYQuanPin": "", "RemarkPYInitial": "", "NickName": "\u5973\u4eba\u6ca1\u6709\u9519\uff0c<span class=\"emoji emoji1f339\"></span><span class=\"emoji emoji1f339\"></span>", "AttrStatus": 4133}, {"UserName": "@05499f81053a21bb9665a5a2157258c01b84939eee8b804856753e10060201a1", "RemarkPYQuanPin": "", "DisplayName": "", "KeyWord": "", "PYInitial": "", "Uin": 0, "MemberStatus": 0, "PYQuanPin": "", "RemarkPYInitial": "", "NickName": "\u591a\u5403\u70b9\u513f", "AttrStatus": 4133}, {"UserName": "@3e334e4ad58ad2e5d4ebe24082807c2907cc2039c1a9c91510e5a72b86aaa5d7", "RemarkPYQuanPin": "", "DisplayName": "", "KeyWord": "", "PYInitial": "", "Uin": 0, "MemberStatus": 0, "PYQuanPin": "", "RemarkPYInitial": "", "NickName": "\u7b80\u5355", "AttrStatus": 4133}, {"UserName": "@f96214a2cd8d8367f34aec70287c057d10d28d525092e8d8724b0ce7fae27bd4", "RemarkPYQuanPin": "", "DisplayName": "", "KeyWord": "", "PYInitial": "", "Uin": 0, "MemberStatus": 0, "PYQuanPin": "", "RemarkPYInitial": "", "NickName": "\u5c0f\u7b28\u86cb", "AttrStatus": 4645}, {"UserName": "@cf03078f5e7dc7206756b12cf1c0bee45d7b7535513b038f3b82ef06bb0641b1", "RemarkPYQuanPin": "", "DisplayName": "", "KeyWord": "", "PYInitial": "", "Uin": 0, "MemberStatus": 0, "PYQuanPin": "", "RemarkPYInitial": "", "NickName": "\u6f06\u5927\u54e5", "AttrStatus": 135205}, {"UserName": "@a810465a2771aa85a65383945e271e3f7e1c2880d9dbd94b660dbdd92fc3e57f", "RemarkPYQuanPin": "", "DisplayName": "", "KeyWord": "", "PYInitial": "", "Uin": 0, "MemberStatus": 0, "PYQuanPin": "", "RemarkPYInitial": "", "NickName": "\u4e91\u4e0a\u82b1", "AttrStatus": 4133}, {"UserName": "@c6411a17d9629808d354e4b8e5e192e3322e20852153c92d14ab4bc04dff278f", "RemarkPYQuanPin": "", "DisplayName": "", "KeyWord": "", "PYInitial": "", "Uin": 0, "MemberStatus": 0, "PYQuanPin": "", "RemarkPYInitial": "", "NickName": "\u5fc6\u6210\u6b87", "AttrStatus": 4197}, {"UserName": "@8cdbbb2e15f709814450be15f0330ddb6419700c841588ce42392691e4a1f1ed", "RemarkPYQuanPin": "", "DisplayName": "\u7389\u660e", "KeyWord": "", "PYInitial": "", "Uin": 0, "MemberStatus": 0, "PYQuanPin": "", "RemarkPYInitial": "", "NickName": "\u5b89\u742a\u513f", "AttrStatus": 102437}, {"UserName": "@3497eab8b6725cdbbc96d221fd8194f00f42e61cf01d7b8f4fd7055acc9b343b", "RemarkPYQuanPin": "", "DisplayName": "\u6f06\u633a", "KeyWord": "", "PYInitial": "", "Uin": 0, "MemberStatus": 0, "PYQuanPin": "", "RemarkPYInitial": "", "NickName": "\u4ed6\u7239", "AttrStatus": 16879653}, {"UserName": "@a72391f06f708569e5d79d859059230e9f760b50fe2c9b06d9dca6de00a981a2", "RemarkPYQuanPin": "", "DisplayName": "", "KeyWord": "", "PYInitial": "", "Uin": 0, "MemberStatus": 0, "PYQuanPin": "", "RemarkPYInitial": "", "NickName": "\u8d62", "AttrStatus": 2147717221}, {"UserName": "@46285a101e429423d2d8f30f5706ebfe398550978caf37076de8fe3e8c426d41", "RemarkPYQuanPin": "", "DisplayName": "", "KeyWord": "", "PYInitial": "", "Uin": 0, "MemberStatus": 0, "PYQuanPin": "", "RemarkPYInitial": "", "NickName": "Xobot", "AttrStatus": 33656837}, {"UserName": "@11b5badab0018d426fe0f32baa1fe17d77d18a9bfac1fc5b11154f3f1085b3f9", "RemarkPYQuanPin": "", "DisplayName": "", "KeyWord": "", "PYInitial": "", "Uin": 0, "MemberStatus": 0, "PYQuanPin": "", "RemarkPYInitial": "", "NickName": "\u5927\u53d4", "AttrStatus": 4133}], "@@94e4312fcba58039394a74ac404b036ce4cfdf80f87eba5d08290bcddd76d5d3": [{"UserName": "@05499f81053a21bb9665a5a2157258c01b84939eee8b804856753e10060201a1", "RemarkPYQuanPin": "", "DisplayName": "", "KeyWord": "", "PYInitial": "", "Uin": 0, "MemberStatus": 0, "PYQuanPin": "", "RemarkPYInitial": "", "NickName": "\u591a\u5403\u70b9\u513f", "AttrStatus": 4133}, {"UserName": "@32f8552cc4c56b72d2a9695030d10265", "RemarkPYQuanPin": "", "DisplayName": "", "KeyWord": "QWs", "PYInitial": "", "Uin": 0, "MemberStatus": 0, "PYQuanPin": "", "RemarkPYInitial": "", "NickName": "H77", "AttrStatus": 37875815}, {"UserName": "@46285a101e429423d2d8f30f5706ebfe398550978caf37076de8fe3e8c426d41", "RemarkPYQuanPin": "", "DisplayName": "", "KeyWord": "", "PYInitial": "", "Uin": 0, "MemberStatus": 0, "PYQuanPin": "", "RemarkPYInitial": "", "NickName": "Xobot", "AttrStatus": 33656837}, {"UserName": "@a88cbce15853a580f28b8988c02fe8b90de37e5ac3bc4248f8c1dfee9a32974d", "RemarkPYQuanPin": "", "DisplayName": "", "KeyWord": "", "PYInitial": "", "Uin": 0, "MemberStatus": 0, "PYQuanPin": "", "RemarkPYInitial": "", "NickName": "\u91d1\u7fc5\u64d8\u6d77", "AttrStatus": 33591351}, {"UserName": "@13ab740e446764eef3f103f2d4146630", "RemarkPYQuanPin": "", "DisplayName": "", "KeyWord": "qut", "PYInitial": "", "Uin": 0, "MemberStatus": 0, "PYQuanPin": "", "RemarkPYInitial": "", "NickName": "\u6881\u6654\u6656", "AttrStatus": 4135}, {"UserName": "@2c196daa6df57aef7433ce2f3a0c90dfcc295910d3b0b3026842fca329a22166", "RemarkPYQuanPin": "", "DisplayName": "", "KeyWord": "", "PYInitial": "", "Uin": 0, "MemberStatus": 0, "PYQuanPin": "", "RemarkPYInitial": "", "NickName": "<span class=\"emoji emoji1f3b5\"></span>   \u963f\u4fee\u7f57", "AttrStatus": 4133}]}