{
"BaseResponse": {
"Ret": 0,
"ErrMsg": ""
}
,
"MemberCount": 32,
"MemberList": [{
"Uin": 0,
"UserName": "@a6c3f61a18871700cf05a5a25074fac7",
"NickName": "公众平台安全助手",
"HeadImgUrl": "/cgi-bin/mmwebwx-bin/webwxgeticon?seq=607580219&username=@a6c3f61a18871700cf05a5a25074fac7&skey=@crypt_35d4cc78_5371985fd9e80ce9b8002b229dd388b3",
"ContactFlag": 3,
"MemberCount": 0,
"MemberList": [],
"RemarkName": "",
"HideInputBarFlag": 0,
"Sex": 0,
"Signature": "提供微信公众号登录和群发等安全操作，在手机上查收消息、评论、赞赏，新建群发和查看群发历史。",
"VerifyFlag": 24,
"OwnerUin": 0,
"PYInitial": "GZPTAQZS",
"PYQuanPin": "gongzhongpingtaianquanzhushou",
"RemarkPYInitial": "",
"RemarkPYQuanPin": "",
"StarFriend": 0,
"AppAccountFlag": 0,
"Statues": 0,
"AttrStatus": 98459,
"Province": "广东",
"City": "广州",
"Alias": "",
"SnsFlag": 0,
"UniFriend": 0,
"DisplayName": "",
"ChatRoomId": 0,
"KeyWord": "mph",
"EncryChatRoomId": "",
"IsOwner": 0
}
,{
"Uin": 0,
"UserName": "@8e25c77299cd2d6e3b28e8621fa53a41",
"NickName": "微信开发者",
"HeadImgUrl": "/cgi-bin/mmwebwx-bin/webwxgeticon?seq=607580223&username=@8e25c77299cd2d6e3b28e8621fa53a41&skey=@crypt_35d4cc78_5371985fd9e80ce9b8002b229dd388b3",
"ContactFlag": 3,
"MemberCount": 0,
"MemberList": [],
"RemarkName": "",
"HideInputBarFlag": 0,
"Sex": 0,
"Signature": "发布微信开放平台和公众平台的开发者相关消息，帮助你更好地进行微信相关开发。",
"VerifyFlag": 24,
"OwnerUin": 0,
"PYInitial": "WXKFZ",
"PYQuanPin": "weixinkaifazhe",
"RemarkPYInitial": "",
"RemarkPYQuanPin": "",
"StarFriend": 0,
"AppAccountFlag": 0,
"Statues": 0,
"AttrStatus": 0,
"Province": "广东",
"City": "广州",
"Alias": "",
"SnsFlag": 0,
"UniFriend": 0,
"DisplayName": "",
"ChatRoomId": 0,
"KeyWord": "gh_",
"EncryChatRoomId": "",
"IsOwner": 0
}
,{
"Uin": 0,
"UserName": "@91fff907bda4a8f0e61ba770869ccbab",
"NickName": "Xobot科技",
"HeadImgUrl": "/cgi-bin/mmwebwx-bin/webwxgeticon?seq=607580226&username=@91fff907bda4a8f0e61ba770869ccbab&skey=@crypt_35d4cc78_5371985fd9e80ce9b8002b229dd388b3",
"ContactFlag": 3,
"MemberCount": 0,
"MemberList": [],
"RemarkName": "",
"HideInputBarFlag": 0,
"Sex": 0,
"Signature": "智能管家是为了人们的自身服务、家用电器控制和提高财产安全而研发的一款家庭机器人，让居家生活更轻松。保证自身的人身和财富安全，智能管家包括了全方位移动车身、智能安防系统、身份识别系统和语音操控、智能家居控制等功能为一体。",
"VerifyFlag": 8,
"OwnerUin": 0,
"PYInitial": "XOBOTKJ",
"PYQuanPin": "Xobotkeji",
"RemarkPYInitial": "",
"RemarkPYQuanPin": "",
"StarFriend": 0,
"AppAccountFlag": 0,
"Statues": 0,
"AttrStatus": 0,
"Province": "四川",
"City": "乐山",
"Alias": "",
"SnsFlag": 0,
"UniFriend": 0,
"DisplayName": "",
"ChatRoomId": 0,
"KeyWord": "gh_",
"EncryChatRoomId": "",
"IsOwner": 0
}
,{
"Uin": 0,
"UserName": "filehelper",
"NickName": "文件传输助手",
"HeadImgUrl": "/cgi-bin/mmwebwx-bin/webwxgeticon?seq=607580133&username=filehelper&skey=@crypt_35d4cc78_5371985fd9e80ce9b8002b229dd388b3",
"ContactFlag": 3,
"MemberCount": 0,
"MemberList": [],
"RemarkName": "",
"HideInputBarFlag": 0,
"Sex": 0,
"Signature": "",
"VerifyFlag": 0,
"OwnerUin": 0,
"PYInitial": "WJCSZS",
"PYQuanPin": "wenjianchuanshuzhushou",
"RemarkPYInitial": "",
"RemarkPYQuanPin": "",
"StarFriend": 0,
"AppAccountFlag": 0,
"Statues": 0,
"AttrStatus": 0,
"Province": "",
"City": "",
"Alias": "",
"SnsFlag": 0,
"UniFriend": 0,
"DisplayName": "",
"ChatRoomId": 0,
"KeyWord": "fil",
"EncryChatRoomId": "",
"IsOwner": 0
}
,{
"Uin": 0,
"UserName": "@c000db8674cfd54355f911aeb4dd821dd77d5172ec3b5c1572cf83050c4f24ad",
"NickName": "<span class=\"emoji emoji1f3b5\"></span>   阿修罗",
"HeadImgUrl": "/cgi-bin/mmwebwx-bin/webwxgeticon?seq=611250099&username=@c000db8674cfd54355f911aeb4dd821dd77d5172ec3b5c1572cf83050c4f24ad&skey=@crypt_35d4cc78_5371985fd9e80ce9b8002b229dd388b3",
"ContactFlag": 1,
"MemberCount": 0,
"MemberList": [],
"RemarkName": "",
"HideInputBarFlag": 0,
"Sex": 1,
"Signature": "",
"VerifyFlag": 0,
"OwnerUin": 0,
"PYInitial": "SPANCLASSEMOJIEMOJI1F3B5SPANAXL",
"PYQuanPin": "spanclassemojiemoji1f3b5spanaxiuluo",
"RemarkPYInitial": "",
"RemarkPYQuanPin": "",
"StarFriend": 0,
"AppAccountFlag": 0,
"Statues": 0,
"AttrStatus": 4133,
"Province": "广东",
"City": "河源",
"Alias": "",
"SnsFlag": 1,
"UniFriend": 0,
"DisplayName": "",
"ChatRoomId": 0,
"KeyWord": "",
"EncryChatRoomId": "",
"IsOwner": 0
}
,{
"Uin": 0,
"UserName": "@050e74de49a79460f5bca1e3ecde102ab09d6886666cea8bb8ddaae7e5860c2d",
"NickName": "精魂霁封",
"HeadImgUrl": "/cgi-bin/mmwebwx-bin/webwxgeticon?seq=611250533&username=@050e74de49a79460f5bca1e3ecde102ab09d6886666cea8bb8ddaae7e5860c2d&skey=@crypt_35d4cc78_5371985fd9e80ce9b8002b229dd388b3",
"ContactFlag": 1,
"MemberCount": 0,
"MemberList": [],
"RemarkName": "",
"HideInputBarFlag": 0,
"Sex": 1,
"Signature": "从今改名天策卫",
"VerifyFlag": 0,
"OwnerUin": 0,
"PYInitial": "JHJF",
"PYQuanPin": "jinghunjifeng",
"RemarkPYInitial": "",
"RemarkPYQuanPin": "",
"StarFriend": 0,
"AppAccountFlag": 0,
"Statues": 0,
"AttrStatus": 233573,
"Province": "吉林",
"City": "吉林",
"Alias": "",
"SnsFlag": 1,
"UniFriend": 0,
"DisplayName": "",
"ChatRoomId": 0,
"KeyWord": "",
"EncryChatRoomId": "",
"IsOwner": 0
}
,{
"Uin": 0,
"UserName": "@9b76da676ca2b97e7379f51fdaa85f6e",
"NickName": "公众平台测试账号系统",
"HeadImgUrl": "/cgi-bin/mmwebwx-bin/webwxgeticon?seq=611250591&username=@9b76da676ca2b97e7379f51fdaa85f6e&skey=@crypt_35d4cc78_5371985fd9e80ce9b8002b229dd388b3",
"ContactFlag": 3,
"MemberCount": 0,
"MemberList": [],
"RemarkName": "",
"HideInputBarFlag": 0,
"Sex": 0,
"Signature": "测试账号系统",
"VerifyFlag": 8,
"OwnerUin": 0,
"PYInitial": "GZPTCSZHJT",
"PYQuanPin": "gongzhongpingtaiceshizhanghaojitong",
"RemarkPYInitial": "",
"RemarkPYQuanPin": "",
"StarFriend": 0,
"AppAccountFlag": 0,
"Statues": 0,
"AttrStatus": 0,
"Province": "广东",
"City": "广州",
"Alias": "",
"SnsFlag": 0,
"UniFriend": 0,
"DisplayName": "",
"ChatRoomId": 0,
"KeyWord": "gh_",
"EncryChatRoomId": "",
"IsOwner": 0
}
,{
"Uin": 0,
"UserName": "@6867c3f9e7ec1a92bb1f8fb012da0544738e66c292eaf5b490aeb504a7b6e9e6",
"NickName": "123",
"HeadImgUrl": "/cgi-bin/mmwebwx-bin/webwxgeticon?seq=611251757&username=@6867c3f9e7ec1a92bb1f8fb012da0544738e66c292eaf5b490aeb504a7b6e9e6&skey=@crypt_35d4cc78_5371985fd9e80ce9b8002b229dd388b3",
"ContactFlag": 3,
"MemberCount": 0,
"MemberList": [],
"RemarkName": "",
"HideInputBarFlag": 0,
"Sex": 1,
"Signature": "",
"VerifyFlag": 0,
"OwnerUin": 0,
"PYInitial": "123",
"PYQuanPin": "123",
"RemarkPYInitial": "",
"RemarkPYQuanPin": "",
"StarFriend": 0,
"AppAccountFlag": 0,
"Statues": 0,
"AttrStatus": 37669,
"Province": "四川",
"City": "成都",
"Alias": "",
"SnsFlag": 17,
"UniFriend": 0,
"DisplayName": "",
"ChatRoomId": 0,
"KeyWord": "",
"EncryChatRoomId": "",
"IsOwner": 0
}
,{
"Uin": 0,
"UserName": "@8cadd0bbe30c52dcc54f16ff7a485930",
"NickName": "HI",
"HeadImgUrl": "/cgi-bin/mmwebwx-bin/webwxgeticon?seq=607580444&username=@8cadd0bbe30c52dcc54f16ff7a485930&skey=@crypt_35d4cc78_5371985fd9e80ce9b8002b229dd388b3",
"ContactFlag": 1,
"MemberCount": 0,
"MemberList": [],
"RemarkName": "",
"HideInputBarFlag": 0,
"Sex": 1,
"Signature": "",
"VerifyFlag": 0,
"OwnerUin": 0,
"PYInitial": "HI",
"PYQuanPin": "HI",
"RemarkPYInitial": "",
"RemarkPYQuanPin": "",
"StarFriend": 0,
"AppAccountFlag": 0,
"Statues": 0,
"AttrStatus": 111207,
"Province": "浙江",
"City": "宁波",
"Alias": "",
"SnsFlag": 49,
"UniFriend": 0,
"DisplayName": "",
"ChatRoomId": 0,
"KeyWord": "rua",
"EncryChatRoomId": "",
"IsOwner": 0
}
,{
"Uin": 0,
"UserName": "@c1d9e2cb1b03fe80251a8305db458681",
"NickName": "SKY",
"HeadImgUrl": "/cgi-bin/mmwebwx-bin/webwxgeticon?seq=614800251&username=@c1d9e2cb1b03fe80251a8305db458681&skey=@crypt_35d4cc78_5371985fd9e80ce9b8002b229dd388b3",
"ContactFlag": 3,
"MemberCount": 0,
"MemberList": [],
"RemarkName": "",
"HideInputBarFlag": 0,
"Sex": 1,
"Signature": "一花一世界\n                  一念一相思",
"VerifyFlag": 0,
"OwnerUin": 0,
"PYInitial": "SKY",
"PYQuanPin": "SKY",
"RemarkPYInitial": "",
"RemarkPYQuanPin": "",
"StarFriend": 0,
"AppAccountFlag": 0,
"Statues": 0,
"AttrStatus": 4135,
"Province": "山西",
"City": "太原",
"Alias": "",
"SnsFlag": 17,
"UniFriend": 0,
"DisplayName": "",
"ChatRoomId": 0,
"KeyWord": "xf1",
"EncryChatRoomId": "",
"IsOwner": 0
}
,{
"Uin": 0,
"UserName": "weixin",
"NickName": "微信团队",
"HeadImgUrl": "/cgi-bin/mmwebwx-bin/webwxgeticon?seq=607580005&username=weixin&skey=@crypt_35d4cc78_5371985fd9e80ce9b8002b229dd388b3",
"ContactFlag": 1,
"MemberCount": 0,
"MemberList": [],
"RemarkName": "",
"HideInputBarFlag": 0,
"Sex": 0,
"Signature": "微信团队官方帐号",
"VerifyFlag": 56,
"OwnerUin": 0,
"PYInitial": "WXTD",
"PYQuanPin": "weixintuandui",
"RemarkPYInitial": "",
"RemarkPYQuanPin": "",
"StarFriend": 0,
"AppAccountFlag": 0,
"Statues": 0,
"AttrStatus": 4,
"Province": "",
"City": "",
"Alias": "",
"SnsFlag": 0,
"UniFriend": 0,
"DisplayName": "",
"ChatRoomId": 0,
"KeyWord": "wei",
"EncryChatRoomId": "",
"IsOwner": 0
}
,{
"Uin": 0,
"UserName": "@8d841bd3bc2b12d73be4114b8cc5230027ed47c06b7a651f5cc512f611a5583c",
"NickName": "Wugang（虎哥）",
"HeadImgUrl": "/cgi-bin/mmwebwx-bin/webwxgeticon?seq=614800679&username=@8d841bd3bc2b12d73be4114b8cc5230027ed47c06b7a651f5cc512f611a5583c&skey=@crypt_35d4cc78_5371985fd9e80ce9b8002b229dd388b3",
"ContactFlag": 3,
"MemberCount": 0,
"MemberList": [],
"RemarkName": "",
"HideInputBarFlag": 0,
"Sex": 1,
"Signature": "快乐人生。",
"VerifyFlag": 0,
"OwnerUin": 0,
"PYInitial": "WUGANGHG",
"PYQuanPin": "Wuganghuge",
"RemarkPYInitial": "",
"RemarkPYQuanPin": "",
"StarFriend": 0,
"AppAccountFlag": 0,
"Statues": 0,
"AttrStatus": 102439,
"Province": "江西",
"City": "南昌",
"Alias": "",
"SnsFlag": 17,
"UniFriend": 0,
"DisplayName": "",
"ChatRoomId": 0,
"KeyWord": "",
"EncryChatRoomId": "",
"IsOwner": 0
}
,{
"Uin": 0,
"UserName": "@eddfadb8f4c86c7839009a36f9c518edf35c9839ddd7204b39cf7c3ff2c1afaa",
"NickName": "刘杰",
"HeadImgUrl": "/cgi-bin/mmwebwx-bin/webwxgeticon?seq=611250577&username=@eddfadb8f4c86c7839009a36f9c518edf35c9839ddd7204b39cf7c3ff2c1afaa&skey=@crypt_35d4cc78_5371985fd9e80ce9b8002b229dd388b3",
"ContactFlag": 1,
"MemberCount": 0,
"MemberList": [],
"RemarkName": "",
"HideInputBarFlag": 0,
"Sex": 1,
"Signature": "心之所向，无人可挡",
"VerifyFlag": 0,
"OwnerUin": 0,
"PYInitial": "LJ",
"PYQuanPin": "liujie",
"RemarkPYInitial": "",
"RemarkPYQuanPin": "",
"StarFriend": 0,
"AppAccountFlag": 0,
"Statues": 0,
"AttrStatus": 4133,
"Province": "江西",
"City": "",
"Alias": "",
"SnsFlag": 1,
"UniFriend": 0,
"DisplayName": "",
"ChatRoomId": 0,
"KeyWord": "",
"EncryChatRoomId": "",
"IsOwner": 0
}
,{
"Uin": 0,
"UserName": "@da88150b6c1aa791ea03dc58205a95f7358dd089b6b41930804071c9a3d5d3a2",
"NickName": "Fly Jiang",
"HeadImgUrl": "/cgi-bin/mmwebwx-bin/webwxgeticon?seq=607580872&username=@da88150b6c1aa791ea03dc58205a95f7358dd089b6b41930804071c9a3d5d3a2&skey=@crypt_35d4cc78_5371985fd9e80ce9b8002b229dd388b3",
"ContactFlag": 1,
"MemberCount": 0,
"MemberList": [],
"RemarkName": "江烽",
"HideInputBarFlag": 0,
"Sex": 1,
"Signature": "我不能在碌碌无为下去了",
"VerifyFlag": 0,
"OwnerUin": 0,
"PYInitial": "FLYJIANG",
"PYQuanPin": "FlyJiang",
"RemarkPYInitial": "JF",
"RemarkPYQuanPin": "jiangfeng",
"StarFriend": 0,
"AppAccountFlag": 0,
"Statues": 0,
"AttrStatus": 4231269,
"Province": "广东",
"City": "深圳",
"Alias": "",
"SnsFlag": 17,
"UniFriend": 0,
"DisplayName": "",
"ChatRoomId": 0,
"KeyWord": "",
"EncryChatRoomId": "",
"IsOwner": 0
}
,{
"Uin": 0,
"UserName": "@27c1c387d53bf131334e1f258f7d56fc",
"NickName": "爱是一道光",
"HeadImgUrl": "/cgi-bin/mmwebwx-bin/webwxgeticon?seq=616290109&username=@27c1c387d53bf131334e1f258f7d56fc&skey=@crypt_35d4cc78_5371985fd9e80ce9b8002b229dd388b3",
"ContactFlag": 3,
"MemberCount": 0,
"MemberList": [],
"RemarkName": "梁晔晖",
"HideInputBarFlag": 0,
"Sex": 1,
"Signature": "",
"VerifyFlag": 0,
"OwnerUin": 0,
"PYInitial": "ASYDG",
"PYQuanPin": "aishiyidaoguang",
"RemarkPYInitial": "LYH",
"RemarkPYQuanPin": "liangyehui",
"StarFriend": 0,
"AppAccountFlag": 0,
"Statues": 0,
"AttrStatus": 4135,
"Province": "广东",
"City": "深圳",
"Alias": "",
"SnsFlag": 17,
"UniFriend": 0,
"DisplayName": "",
"ChatRoomId": 0,
"KeyWord": "qut",
"EncryChatRoomId": "",
"IsOwner": 0
}
,{
"Uin": 0,
"UserName": "@208774206a27d5bc4c97eee78b93e55a",
"NickName": "Young  卓‘",
"HeadImgUrl": "/cgi-bin/mmwebwx-bin/webwxgeticon?seq=620380036&username=@208774206a27d5bc4c97eee78b93e55a&skey=@crypt_35d4cc78_5371985fd9e80ce9b8002b229dd388b3",
"ContactFlag": 3,
"MemberCount": 0,
"MemberList": [],
"RemarkName": "",
"HideInputBarFlag": 0,
"Sex": 1,
"Signature": "生活需要乐观 积极 向上 才有质量 高度 和 品位",
"VerifyFlag": 0,
"OwnerUin": 0,
"PYInitial": "YOUNGZ",
"PYQuanPin": "Youngzhuo",
"RemarkPYInitial": "",
"RemarkPYQuanPin": "",
"StarFriend": 0,
"AppAccountFlag": 0,
"Statues": 0,
"AttrStatus": 102503,
"Province": "湖南",
"City": "长沙",
"Alias": "",
"SnsFlag": 17,
"UniFriend": 0,
"DisplayName": "",
"ChatRoomId": 0,
"KeyWord": "cyz",
"EncryChatRoomId": "",
"IsOwner": 0
}
,{
"Uin": 0,
"UserName": "@08777b86ac6d812bbe92efb8d823986b0d34c95babfa4da52dc6e146f0d00ccc",
"NickName": "毛毛",
"HeadImgUrl": "/cgi-bin/mmwebwx-bin/webwxgeticon?seq=618410169&username=@08777b86ac6d812bbe92efb8d823986b0d34c95babfa4da52dc6e146f0d00ccc&skey=@crypt_35d4cc78_5371985fd9e80ce9b8002b229dd388b3",
"ContactFlag": 1,
"MemberCount": 0,
"MemberList": [],
"RemarkName": "",
"HideInputBarFlag": 0,
"Sex": 1,
"Signature": "毛毛",
"VerifyFlag": 0,
"OwnerUin": 0,
"PYInitial": "MM",
"PYQuanPin": "maomao",
"RemarkPYInitial": "",
"RemarkPYQuanPin": "",
"StarFriend": 0,
"AppAccountFlag": 0,
"Statues": 0,
"AttrStatus": 16887845,
"Province": "江西",
"City": "南昌",
"Alias": "",
"SnsFlag": 1,
"UniFriend": 0,
"DisplayName": "",
"ChatRoomId": 0,
"KeyWord": "",
"EncryChatRoomId": "",
"IsOwner": 0
}
,{
"Uin": 0,
"UserName": "@c8effd77056bf72e2e80c617e3185202e546e62bbd0bda07d586b20b5d594f1e",
"NickName": "<span class=\"emoji emoji1f338\"></span> <span class=\"emoji emoji1f338\"></span>",
"HeadImgUrl": "/cgi-bin/mmwebwx-bin/webwxgeticon?seq=620380111&username=@c8effd77056bf72e2e80c617e3185202e546e62bbd0bda07d586b20b5d594f1e&skey=@crypt_35d4cc78_5371985fd9e80ce9b8002b229dd388b3",
"ContactFlag": 1,
"MemberCount": 0,
"MemberList": [],
"RemarkName": "",
"HideInputBarFlag": 0,
"Sex": 2,
"Signature": "得一人心，白首不分离",
"VerifyFlag": 0,
"OwnerUin": 0,
"PYInitial": "SPANCLASSEMOJIEMOJI1F338SPANSPANCLASSEMOJIEMOJI1F338SPAN",
"PYQuanPin": "spanclassemojiemoji1f338spanspanclassemojiemoji1f338span",
"RemarkPYInitial": "",
"RemarkPYQuanPin": "",
"StarFriend": 0,
"AppAccountFlag": 0,
"Statues": 0,
"AttrStatus": 110693,
"Province": "福建",
"City": "龙岩",
"Alias": "",
"SnsFlag": 17,
"UniFriend": 0,
"DisplayName": "",
"ChatRoomId": 0,
"KeyWord": "",
"EncryChatRoomId": "",
"IsOwner": 0
}
,{
"Uin": 0,
"UserName": "@8d4b4df5a00f58e5c430523c3c7eb5aa34afc4c6c8c99018f1f137bcd1add75c",
"NickName": "Jeff  Que",
"HeadImgUrl": "/cgi-bin/mmwebwx-bin/webwxgeticon?seq=616290222&username=@8d4b4df5a00f58e5c430523c3c7eb5aa34afc4c6c8c99018f1f137bcd1add75c&skey=@crypt_35d4cc78_5371985fd9e80ce9b8002b229dd388b3",
"ContactFlag": 1,
"MemberCount": 0,
"MemberList": [],
"RemarkName": "阙金峰",
"HideInputBarFlag": 0,
"Sex": 1,
"Signature": "你距离失败永远只有6个月！",
"VerifyFlag": 0,
"OwnerUin": 0,
"PYInitial": "JEFFQUE",
"PYQuanPin": "JeffQue",
"RemarkPYInitial": "QJF",
"RemarkPYQuanPin": "quejinfeng",
"StarFriend": 0,
"AppAccountFlag": 0,
"Statues": 0,
"AttrStatus": 102501,
"Province": "广东",
"City": "深圳",
"Alias": "",
"SnsFlag": 1,
"UniFriend": 0,
"DisplayName": "",
"ChatRoomId": 0,
"KeyWord": "",
"EncryChatRoomId": "",
"IsOwner": 0
}
,{
"Uin": 0,
"UserName": "@ffb2ac1e993d273a640a09fb4ddc7a7eca8c47126154b5f33d0011333b961375",
"NickName": "墨’破",
"HeadImgUrl": "/cgi-bin/mmwebwx-bin/webwxgeticon?seq=618410060&username=@ffb2ac1e993d273a640a09fb4ddc7a7eca8c47126154b5f33d0011333b961375&skey=@crypt_35d4cc78_5371985fd9e80ce9b8002b229dd388b3",
"ContactFlag": 3,
"MemberCount": 0,
"MemberList": [],
"RemarkName": "",
"HideInputBarFlag": 0,
"Sex": 1,
"Signature": "幸福，永远会继续下去，我会守护好它，守护好你<span class=\"emoji emoji1f33f\"></span>",
"VerifyFlag": 0,
"OwnerUin": 0,
"PYInitial": "MP",
"PYQuanPin": "mopo",
"RemarkPYInitial": "",
"RemarkPYQuanPin": "",
"StarFriend": 0,
"AppAccountFlag": 0,
"Statues": 0,
"AttrStatus": 16879717,
"Province": "",
"City": "",
"Alias": "",
"SnsFlag": 1,
"UniFriend": 0,
"DisplayName": "",
"ChatRoomId": 0,
"KeyWord": "",
"EncryChatRoomId": "",
"IsOwner": 0
}
,{
"Uin": 0,
"UserName": "@5df4bfe45d4a9af18d49bf1a5535d69526f5d8d136e1b9ac139287301adb9c33",
"NickName": "zhjr",
"HeadImgUrl": "/cgi-bin/mmwebwx-bin/webwxgeticon?seq=614800584&username=@5df4bfe45d4a9af18d49bf1a5535d69526f5d8d136e1b9ac139287301adb9c33&skey=@crypt_35d4cc78_5371985fd9e80ce9b8002b229dd388b3",
"ContactFlag": 3,
"MemberCount": 0,
"MemberList": [],
"RemarkName": "",
"HideInputBarFlag": 0,
"Sex": 2,
"Signature": "靖茹",
"VerifyFlag": 0,
"OwnerUin": 0,
"PYInitial": "ZHJR",
"PYQuanPin": "zhjr",
"RemarkPYInitial": "",
"RemarkPYQuanPin": "",
"StarFriend": 0,
"AppAccountFlag": 0,
"Statues": 0,
"AttrStatus": 102909,
"Province": "上海",
"City": "",
"Alias": "",
"SnsFlag": 48,
"UniFriend": 0,
"DisplayName": "",
"ChatRoomId": 0,
"KeyWord": "",
"EncryChatRoomId": "",
"IsOwner": 0
}
,{
"Uin": 0,
"UserName": "@90c60bb5eef8b708fe94020f3616fa15",
"NickName": "微信运动",
"HeadImgUrl": "/cgi-bin/mmwebwx-bin/webwxgeticon?seq=620380382&username=@90c60bb5eef8b708fe94020f3616fa15&skey=@crypt_35d4cc78_5371985fd9e80ce9b8002b229dd388b3",
"ContactFlag": 3,
"MemberCount": 0,
"MemberList": [],
"RemarkName": "",
"HideInputBarFlag": 0,
"Sex": 0,
"Signature": "也许你早已习惯一个人运动的孤独，却也偶尔渴望得到赞赏。加入微信运动，和朋友一起点赞互动、抢占封面，分享运动的快乐。",
"VerifyFlag": 24,
"OwnerUin": 0,
"PYInitial": "WXYD",
"PYQuanPin": "weixinyundong",
"RemarkPYInitial": "",
"RemarkPYQuanPin": "",
"StarFriend": 0,
"AppAccountFlag": 0,
"Statues": 0,
"AttrStatus": 0,
"Province": "广东",
"City": "广州",
"Alias": "",
"SnsFlag": 0,
"UniFriend": 0,
"DisplayName": "",
"ChatRoomId": 0,
"KeyWord": "gh_",
"EncryChatRoomId": "",
"IsOwner": 0
}
,{
"Uin": 0,
"UserName": "@ba36d45e5d42809c4231b9dba4d2565f",
"NickName": "Panli",
"HeadImgUrl": "/cgi-bin/mmwebwx-bin/webwxgeticon?seq=623440012&username=@ba36d45e5d42809c4231b9dba4d2565f&skey=@crypt_35d4cc78_5371985fd9e80ce9b8002b229dd388b3",
"ContactFlag": 3,
"MemberCount": 0,
"MemberList": [],
"RemarkName": "",
"HideInputBarFlag": 0,
"Sex": 0,
"Signature": "人在海外，足不出户，买遍中国，尽在Panli.com。 关注Panli代购官方微信，活动优惠抢先知。",
"VerifyFlag": 24,
"OwnerUin": 0,
"PYInitial": "PANLI",
"PYQuanPin": "Panli",
"RemarkPYInitial": "",
"RemarkPYQuanPin": "",
"StarFriend": 0,
"AppAccountFlag": 0,
"Statues": 0,
"AttrStatus": 0,
"Province": "上海",
"City": "普陀",
"Alias": "",
"SnsFlag": 0,
"UniFriend": 0,
"DisplayName": "",
"ChatRoomId": 0,
"KeyWord": "gh_",
"EncryChatRoomId": "",
"IsOwner": 0
}
,{
"Uin": 0,
"UserName": "@5189114126680e0cf67d95063bf40ca0f7ff3686336b9279e5596223d7b78d19",
"NickName": "神叨人",
"HeadImgUrl": "/cgi-bin/mmwebwx-bin/webwxgeticon?seq=623440029&username=@5189114126680e0cf67d95063bf40ca0f7ff3686336b9279e5596223d7b78d19&skey=@crypt_35d4cc78_5371985fd9e80ce9b8002b229dd388b3",
"ContactFlag": 3,
"MemberCount": 0,
"MemberList": [],
"RemarkName": "",
"HideInputBarFlag": 0,
"Sex": 0,
"Signature": "人生在于是否有追求，是否有价值。为了那啥，希望我们都会成功。",
"VerifyFlag": 0,
"OwnerUin": 0,
"PYInitial": "SDR",
"PYQuanPin": "shendaoren",
"RemarkPYInitial": "",
"RemarkPYQuanPin": "",
"StarFriend": 0,
"AppAccountFlag": 0,
"Statues": 0,
"AttrStatus": 4133,
"Province": "",
"City": "",
"Alias": "",
"SnsFlag": 1,
"UniFriend": 0,
"DisplayName": "",
"ChatRoomId": 0,
"KeyWord": "",
"EncryChatRoomId": "",
"IsOwner": 0
}
,{
"Uin": 0,
"UserName": "@bc5d0c4ce8aee88df2bf92eb87f313827ccf302c57eff00d457dc1bfcc626e91",
"NickName": "且将酒作歌",
"HeadImgUrl": "/cgi-bin/mmwebwx-bin/webwxgeticon?seq=623440378&username=@bc5d0c4ce8aee88df2bf92eb87f313827ccf302c57eff00d457dc1bfcc626e91&skey=@crypt_35d4cc78_5371985fd9e80ce9b8002b229dd388b3",
"ContactFlag": 3,
"MemberCount": 0,
"MemberList": [],
"RemarkName": "",
"HideInputBarFlag": 0,
"Sex": 1,
"Signature": "雄关漫道真如铁，而今迈步从头越",
"VerifyFlag": 0,
"OwnerUin": 0,
"PYInitial": "JJJZG",
"PYQuanPin": "jujiangjiuzuoge",
"RemarkPYInitial": "",
"RemarkPYQuanPin": "",
"StarFriend": 0,
"AppAccountFlag": 0,
"Statues": 0,
"AttrStatus": 4197,
"Province": "江西",
"City": "赣州",
"Alias": "",
"SnsFlag": 1,
"UniFriend": 0,
"DisplayName": "",
"ChatRoomId": 0,
"KeyWord": "",
"EncryChatRoomId": "",
"IsOwner": 0
}
,{
"Uin": 0,
"UserName": "@f860a599863f1cdb930cdc33d1d47f303a0155516d5d825905feee977867ac39",
"NickName": "林子鈴",
"HeadImgUrl": "/cgi-bin/mmwebwx-bin/webwxgeticon?seq=616290234&username=@f860a599863f1cdb930cdc33d1d47f303a0155516d5d825905feee977867ac39&skey=@crypt_35d4cc78_5371985fd9e80ce9b8002b229dd388b3",
"ContactFlag": 3,
"MemberCount": 0,
"MemberList": [],
"RemarkName": "",
"HideInputBarFlag": 0,
"Sex": 2,
"Signature": "Lights will guide you home.",
"VerifyFlag": 0,
"OwnerUin": 0,
"PYInitial": "LZL",
"PYQuanPin": "linziling",
"RemarkPYInitial": "",
"RemarkPYQuanPin": "",
"StarFriend": 0,
"AppAccountFlag": 0,
"Statues": 0,
"AttrStatus": 4427837,
"Province": "广东",
"City": "广州",
"Alias": "",
"SnsFlag": 17,
"UniFriend": 0,
"DisplayName": "",
"ChatRoomId": 0,
"KeyWord": "",
"EncryChatRoomId": "",
"IsOwner": 0
}
,{
"Uin": 0,
"UserName": "@e24ca314a4c96bfc1e882de0b337da1a",
"NickName": "H77",
"HeadImgUrl": "/cgi-bin/mmwebwx-bin/webwxgeticon?seq=623440523&username=@e24ca314a4c96bfc1e882de0b337da1a&skey=@crypt_35d4cc78_5371985fd9e80ce9b8002b229dd388b3",
"ContactFlag": 3,
"MemberCount": 0,
"MemberList": [],
"RemarkName": "",
"HideInputBarFlag": 0,
"Sex": 1,
"Signature": "",
"VerifyFlag": 0,
"OwnerUin": 0,
"PYInitial": "H77",
"PYQuanPin": "H77",
"RemarkPYInitial": "",
"RemarkPYQuanPin": "",
"StarFriend": 0,
"AppAccountFlag": 0,
"Statues": 0,
"AttrStatus": 4321383,
"Province": "四川",
"City": "乐山",
"Alias": "",
"SnsFlag": 17,
"UniFriend": 0,
"DisplayName": "",
"ChatRoomId": 0,
"KeyWord": "QWs",
"EncryChatRoomId": "",
"IsOwner": 0
}
,{
"Uin": 0,
"UserName": "@23a12cf7f70d31c2e0bb74793ef73b24636902a46558bc9e374a5e5c3021bf11",
"NickName": "两个小丸子的爸",
"HeadImgUrl": "/cgi-bin/mmwebwx-bin/webwxgeticon?seq=623440565&username=@23a12cf7f70d31c2e0bb74793ef73b24636902a46558bc9e374a5e5c3021bf11&skey=@crypt_35d4cc78_5371985fd9e80ce9b8002b229dd388b3",
"ContactFlag": 3,
"MemberCount": 0,
"MemberList": [],
"RemarkName": "",
"HideInputBarFlag": 0,
"Sex": 1,
"Signature": "11月7日至12月2日期间去德国学习，手机暂时停用，如有事请留言，",
"VerifyFlag": 0,
"OwnerUin": 0,
"PYInitial": "LGXWZDB",
"PYQuanPin": "lianggexiaowanzideba",
"RemarkPYInitial": "",
"RemarkPYQuanPin": "",
"StarFriend": 0,
"AppAccountFlag": 0,
"Statues": 0,
"AttrStatus": 104487,
"Province": "Vorarlberg",
"City": "",
"Alias": "",
"SnsFlag": 17,
"UniFriend": 0,
"DisplayName": "",
"ChatRoomId": 0,
"KeyWord": "zha",
"EncryChatRoomId": "",
"IsOwner": 0
}
,{
"Uin": 0,
"UserName": "@077fff192eb34779a73944a288ea6e1a826bf4cec904a58fb8aeff114d7888dd",
"NickName": "MEI",
"HeadImgUrl": "/cgi-bin/mmwebwx-bin/webwxgeticon?seq=623440549&username=@077fff192eb34779a73944a288ea6e1a826bf4cec904a58fb8aeff114d7888dd&skey=@crypt_35d4cc78_5371985fd9e80ce9b8002b229dd388b3",
"ContactFlag": 3,
"MemberCount": 0,
"MemberList": [],
"RemarkName": "",
"HideInputBarFlag": 0,
"Sex": 1,
"Signature": "梦有多远，我就能飞多远！",
"VerifyFlag": 0,
"OwnerUin": 0,
"PYInitial": "MEI",
"PYQuanPin": "MEI",
"RemarkPYInitial": "",
"RemarkPYQuanPin": "",
"StarFriend": 0,
"AppAccountFlag": 0,
"Statues": 0,
"AttrStatus": 102437,
"Province": "福建",
"City": "厦门",
"Alias": "",
"SnsFlag": 17,
"UniFriend": 0,
"DisplayName": "",
"ChatRoomId": 0,
"KeyWord": "",
"EncryChatRoomId": "",
"IsOwner": 0
}
,{
"Uin": 0,
"UserName": "@8fec2505b680a841131bcd0b8de1e809952df83043adc04fbe880c09e3519443",
"NickName": "金翅擘海",
"HeadImgUrl": "/cgi-bin/mmwebwx-bin/webwxgeticon?seq=607580418&username=@8fec2505b680a841131bcd0b8de1e809952df83043adc04fbe880c09e3519443&skey=@crypt_35d4cc78_5371985fd9e80ce9b8002b229dd388b3",
"ContactFlag": 3,
"MemberCount": 0,
"MemberList": [],
"RemarkName": "",
"HideInputBarFlag": 0,
"Sex": 1,
"Signature": "缘来缘去",
"VerifyFlag": 0,
"OwnerUin": 0,
"PYInitial": "JCBH",
"PYQuanPin": "jinchibohai",
"RemarkPYInitial": "",
"RemarkPYQuanPin": "",
"StarFriend": 0,
"AppAccountFlag": 0,
"Statues": 0,
"AttrStatus": 36919,
"Province": "四川",
"City": "眉山",
"Alias": "",
"SnsFlag": 17,
"UniFriend": 0,
"DisplayName": "",
"ChatRoomId": 0,
"KeyWord": "",
"EncryChatRoomId": "",
"IsOwner": 0
}
,{
"Uin": 0,
"UserName": "@51f3a397472c569ed696d4ecd777b322ec4aa16b4b1014f3202b3ff25b3f00c7",
"NickName": "一生有你",
"HeadImgUrl": "/cgi-bin/mmwebwx-bin/webwxgeticon?seq=611252260&username=@51f3a397472c569ed696d4ecd777b322ec4aa16b4b1014f3202b3ff25b3f00c7&skey=@crypt_35d4cc78_5371985fd9e80ce9b8002b229dd388b3",
"ContactFlag": 3,
"MemberCount": 0,
"MemberList": [],
"RemarkName": "",
"HideInputBarFlag": 0,
"Sex": 1,
"Signature": "",
"VerifyFlag": 0,
"OwnerUin": 0,
"PYInitial": "YSYN",
"PYQuanPin": "yishengyouni",
"RemarkPYInitial": "",
"RemarkPYQuanPin": "",
"StarFriend": 0,
"AppAccountFlag": 0,
"Statues": 0,
"AttrStatus": 4133,
"Province": "河北",
"City": "廊坊",
"Alias": "",
"SnsFlag": 1,
"UniFriend": 0,
"DisplayName": "",
"ChatRoomId": 0,
"KeyWord": "",
"EncryChatRoomId": "",
"IsOwner": 0
}
,{
"Uin": 0,
"UserName": "@f12e4518e2076ad47872dffe5ddde0b9c020eccc81b9f8a116061ac1c2384ac3",
"NickName": "ぃ北城以北，一朵离殇゛",
"HeadImgUrl": "/cgi-bin/mmwebwx-bin/webwxgeticon?seq=623440704&username=@f12e4518e2076ad47872dffe5ddde0b9c020eccc81b9f8a116061ac1c2384ac3&skey=@crypt_35d4cc78_5371985fd9e80ce9b8002b229dd388b3",
"ContactFlag": 3,
"MemberCount": 0,
"MemberList": [],
"RemarkName": "",
"HideInputBarFlag": 0,
"Sex": 1,
"Signature": "。。。。",
"VerifyFlag": 0,
"OwnerUin": 0,
"PYInitial": "BCYBYDLS",
"PYQuanPin": "beichengyibeiyiduolishang",
"RemarkPYInitial": "",
"RemarkPYQuanPin": "",
"StarFriend": 0,
"AppAccountFlag": 0,
"Statues": 0,
"AttrStatus": 16945253,
"Province": "江西",
"City": "赣州",
"Alias": "",
"SnsFlag": 17,
"UniFriend": 0,
"DisplayName": "",
"ChatRoomId": 0,
"KeyWord": "",
"EncryChatRoomId": "",
"IsOwner": 0
}
],
"Seq": 0
}
