[{"UserName": "@a6c3f61a18871700cf05a5a25074fac7", "City": "\u5e7f\u5dde", "DisplayName": "", "UniFriend": 0, "MemberList": [], "PYQuanPin": "gongzhongpingtaianquanzhushou", "RemarkPYInitial": "", "Sex": 0, "AppAccountFlag": 0, "VerifyFlag": 24, "Province": "\u5e7f\u4e1c", "KeyWord": "mph", "RemarkName": "", "PYInitial": "GZPTAQZS", "IsOwner": 0, "ChatRoomId": 0, "HideInputBarFlag": 0, "EncryChatRoomId": "", "AttrStatus": 98459, "SnsFlag": 0, "MemberCount": 0, "OwnerUin": 0, "Alias": "", "Signature": "\u63d0\u4f9b\u5fae\u4fe1\u516c\u4f17\u53f7\u767b\u5f55\u548c\u7fa4\u53d1\u7b49\u5b89\u5168\u64cd\u4f5c\uff0c\u5728\u624b\u673a\u4e0a\u67e5\u6536\u6d88\u606f\u3001\u8bc4\u8bba\u3001\u8d5e\u8d4f\uff0c\u65b0\u5efa\u7fa4\u53d1\u548c\u67e5\u770b\u7fa4\u53d1\u5386\u53f2\u3002", "ContactFlag": 3, "NickName": "\u516c\u4f17\u5e73\u53f0\u5b89\u5168\u52a9\u624b", "RemarkPYQuanPin": "", "HeadImgUrl": "/cgi-bin/mmwebwx-bin/webwxgeticon?seq=607580219&username=@a6c3f61a18871700cf05a5a25074fac7&skey=@crypt_35d4cc78_5371985fd9e80ce9b8002b229dd388b3", "Uin": 0, "StarFriend": 0, "Statues": 0}, {"UserName": "@8e25c77299cd2d6e3b28e8621fa53a41", "City": "\u5e7f\u5dde", "DisplayName": "", "UniFriend": 0, "MemberList": [], "PYQuanPin": "weixinkaifazhe", "RemarkPYInitial": "", "Sex": 0, "AppAccountFlag": 0, "VerifyFlag": 24, "Province": "\u5e7f\u4e1c", "KeyWord": "gh_", "RemarkName": "", "PYInitial": "WXKFZ", "IsOwner": 0, "ChatRoomId": 0, "HideInputBarFlag": 0, "EncryChatRoomId": "", "AttrStatus": 0, "SnsFlag": 0, "MemberCount": 0, "OwnerUin": 0, "Alias": "", "Signature": "\u53d1\u5e03\u5fae\u4fe1\u5f00\u653e\u5e73\u53f0\u548c\u516c\u4f17\u5e73\u53f0\u7684\u5f00\u53d1\u8005\u76f8\u5173\u6d88\u606f\uff0c\u5e2e\u52a9\u4f60\u66f4\u597d\u5730\u8fdb\u884c\u5fae\u4fe1\u76f8\u5173\u5f00\u53d1\u3002", "ContactFlag": 3, "NickName": "\u5fae\u4fe1\u5f00\u53d1\u8005", "RemarkPYQuanPin": "", "HeadImgUrl": "/cgi-bin/mmwebwx-bin/webwxgeticon?seq=607580223&username=@8e25c77299cd2d6e3b28e8621fa53a41&skey=@crypt_35d4cc78_5371985fd9e80ce9b8002b229dd388b3", "Uin": 0, "StarFriend": 0, "Statues": 0}, {"UserName": "@91fff907bda4a8f0e61ba770869ccbab", "City": "\u4e50\u5c71", "DisplayName": "", "UniFriend": 0, "MemberList": [], "PYQuanPin": "Xobotkeji", "RemarkPYInitial": "", "Sex": 0, "AppAccountFlag": 0, "VerifyFlag": 8, "Province": "\u56db\u5ddd", "KeyWord": "gh_", "RemarkName": "", "PYInitial": "XOBOTKJ", "IsOwner": 0, "ChatRoomId": 0, "HideInputBarFlag": 0, "EncryChatRoomId": "", "AttrStatus": 0, "SnsFlag": 0, "MemberCount": 0, "OwnerUin": 0, "Alias": "", "Signature": "\u667a\u80fd\u7ba1\u5bb6\u662f\u4e3a\u4e86\u4eba\u4eec\u7684\u81ea\u8eab\u670d\u52a1\u3001\u5bb6\u7528\u7535\u5668\u63a7\u5236\u548c\u63d0\u9ad8\u8d22\u4ea7\u5b89\u5168\u800c\u7814\u53d1\u7684\u4e00\u6b3e\u5bb6\u5ead\u673a\u5668\u4eba\uff0c\u8ba9\u5c45\u5bb6\u751f\u6d3b\u66f4\u8f7b\u677e\u3002\u4fdd\u8bc1\u81ea\u8eab\u7684\u4eba\u8eab\u548c\u8d22\u5bcc\u5b89\u5168\uff0c\u667a\u80fd\u7ba1\u5bb6\u5305\u62ec\u4e86\u5168\u65b9\u4f4d\u79fb\u52a8\u8f66\u8eab\u3001\u667a\u80fd\u5b89\u9632\u7cfb\u7edf\u3001\u8eab\u4efd\u8bc6\u522b\u7cfb\u7edf\u548c\u8bed\u97f3\u64cd\u63a7\u3001\u667a\u80fd\u5bb6\u5c45\u63a7\u5236\u7b49\u529f\u80fd\u4e3a\u4e00\u4f53\u3002", "ContactFlag": 3, "NickName": "Xobot\u79d1\u6280", "RemarkPYQuanPin": "", "HeadImgUrl": "/cgi-bin/mmwebwx-bin/webwxgeticon?seq=607580226&username=@91fff907bda4a8f0e61ba770869ccbab&skey=@crypt_35d4cc78_5371985fd9e80ce9b8002b229dd388b3", "Uin": 0, "StarFriend": 0, "Statues": 0}, {"UserName": "filehelper", "City": "", "DisplayName": "", "UniFriend": 0, "MemberList": [], "PYQuanPin": "wenjianchuanshuzhushou", "RemarkPYInitial": "", "Sex": 0, "AppAccountFlag": 0, "VerifyFlag": 0, "Province": "", "KeyWord": "fil", "RemarkName": "", "PYInitial": "WJCSZS", "IsOwner": 0, "ChatRoomId": 0, "HideInputBarFlag": 0, "EncryChatRoomId": "", "AttrStatus": 0, "SnsFlag": 0, "MemberCount": 0, "OwnerUin": 0, "Alias": "", "Signature": "", "ContactFlag": 3, "NickName": "\u6587\u4ef6\u4f20\u8f93\u52a9\u624b", "RemarkPYQuanPin": "", "HeadImgUrl": "/cgi-bin/mmwebwx-bin/webwxgeticon?seq=607580133&username=filehelper&skey=@crypt_35d4cc78_5371985fd9e80ce9b8002b229dd388b3", "Uin": 0, "StarFriend": 0, "Statues": 0}, {"UserName": "@c000db8674cfd54355f911aeb4dd821dd77d5172ec3b5c1572cf83050c4f24ad", "City": "\u6cb3\u6e90", "DisplayName": "", "UniFriend": 0, "MemberList": [], "PYQuanPin": "spanclassemojiemoji1f3b5spanaxiuluo", "RemarkPYInitial": "", "Sex": 1, "AppAccountFlag": 0, "VerifyFlag": 0, "Province": "\u5e7f\u4e1c", "KeyWord": "", "RemarkName": "", "PYInitial": "SPANCLASSEMOJIEMOJI1F3B5SPANAXL", "IsOwner": 0, "ChatRoomId": 0, "HideInputBarFlag": 0, "EncryChatRoomId": "", "AttrStatus": 4133, "SnsFlag": 1, "MemberCount": 0, "OwnerUin": 0, "Alias": "", "Signature": "", "ContactFlag": 1, "NickName": "<span class=\"emoji emoji1f3b5\"></span>   \u963f\u4fee\u7f57", "RemarkPYQuanPin": "", "HeadImgUrl": "/cgi-bin/mmwebwx-bin/webwxgeticon?seq=611250099&username=@c000db8674cfd54355f911aeb4dd821dd77d5172ec3b5c1572cf83050c4f24ad&skey=@crypt_35d4cc78_5371985fd9e80ce9b8002b229dd388b3", "Uin": 0, "StarFriend": 0, "Statues": 0}, {"UserName": "@050e74de49a79460f5bca1e3ecde102ab09d6886666cea8bb8ddaae7e5860c2d", "City": "\u5409\u6797", "DisplayName": "", "UniFriend": 0, "MemberList": [], "PYQuanPin": "jinghunjifeng", "RemarkPYInitial": "", "Sex": 1, "AppAccountFlag": 0, "VerifyFlag": 0, "Province": "\u5409\u6797", "KeyWord": "", "RemarkName": "", "PYInitial": "JHJF", "IsOwner": 0, "ChatRoomId": 0, "HideInputBarFlag": 0, "EncryChatRoomId": "", "AttrStatus": 233573, "SnsFlag": 1, "MemberCount": 0, "OwnerUin": 0, "Alias": "", "Signature": "\u4ece\u4eca\u6539\u540d\u5929\u7b56\u536b", "ContactFlag": 1, "NickName": "\u7cbe\u9b42\u9701\u5c01", "RemarkPYQuanPin": "", "HeadImgUrl": "/cgi-bin/mmwebwx-bin/webwxgeticon?seq=611250533&username=@050e74de49a79460f5bca1e3ecde102ab09d6886666cea8bb8ddaae7e5860c2d&skey=@crypt_35d4cc78_5371985fd9e80ce9b8002b229dd388b3", "Uin": 0, "StarFriend": 0, "Statues": 0}, {"UserName": "@9b76da676ca2b97e7379f51fdaa85f6e", "City": "\u5e7f\u5dde", "DisplayName": "", "UniFriend": 0, "MemberList": [], "PYQuanPin": "gongzhongpingtaiceshizhanghaojitong", "RemarkPYInitial": "", "Sex": 0, "AppAccountFlag": 0, "VerifyFlag": 8, "Province": "\u5e7f\u4e1c", "KeyWord": "gh_", "RemarkName": "", "PYInitial": "GZPTCSZHJT", "IsOwner": 0, "ChatRoomId": 0, "HideInputBarFlag": 0, "EncryChatRoomId": "", "AttrStatus": 0, "SnsFlag": 0, "MemberCount": 0, "OwnerUin": 0, "Alias": "", "Signature": "\u6d4b\u8bd5\u8d26\u53f7\u7cfb\u7edf", "ContactFlag": 3, "NickName": "\u516c\u4f17\u5e73\u53f0\u6d4b\u8bd5\u8d26\u53f7\u7cfb\u7edf", "RemarkPYQuanPin": "", "HeadImgUrl": "/cgi-bin/mmwebwx-bin/webwxgeticon?seq=611250591&username=@9b76da676ca2b97e7379f51fdaa85f6e&skey=@crypt_35d4cc78_5371985fd9e80ce9b8002b229dd388b3", "Uin": 0, "StarFriend": 0, "Statues": 0}, {"UserName": "@6867c3f9e7ec1a92bb1f8fb012da0544738e66c292eaf5b490aeb504a7b6e9e6", "City": "\u6210\u90fd", "DisplayName": "", "UniFriend": 0, "MemberList": [], "PYQuanPin": "123", "RemarkPYInitial": "", "Sex": 1, "AppAccountFlag": 0, "VerifyFlag": 0, "Province": "\u56db\u5ddd", "KeyWord": "", "RemarkName": "", "PYInitial": "123", "IsOwner": 0, "ChatRoomId": 0, "HideInputBarFlag": 0, "EncryChatRoomId": "", "AttrStatus": 37669, "SnsFlag": 17, "MemberCount": 0, "OwnerUin": 0, "Alias": "", "Signature": "", "ContactFlag": 3, "NickName": "123", "RemarkPYQuanPin": "", "HeadImgUrl": "/cgi-bin/mmwebwx-bin/webwxgeticon?seq=611251757&username=@6867c3f9e7ec1a92bb1f8fb012da0544738e66c292eaf5b490aeb504a7b6e9e6&skey=@crypt_35d4cc78_5371985fd9e80ce9b8002b229dd388b3", "Uin": 0, "StarFriend": 0, "Statues": 0}, {"UserName": "@8cadd0bbe30c52dcc54f16ff7a485930", "City": "\u5b81\u6ce2", "DisplayName": "", "UniFriend": 0, "MemberList": [], "PYQuanPin": "HI", "RemarkPYInitial": "", "Sex": 1, "AppAccountFlag": 0, "VerifyFlag": 0, "Province": "\u6d59\u6c5f", "KeyWord": "rua", "RemarkName": "", "PYInitial": "HI", "IsOwner": 0, "ChatRoomId": 0, "HideInputBarFlag": 0, "EncryChatRoomId": "", "AttrStatus": 111207, "SnsFlag": 49, "MemberCount": 0, "OwnerUin": 0, "Alias": "", "Signature": "", "ContactFlag": 1, "NickName": "HI", "RemarkPYQuanPin": "", "HeadImgUrl": "/cgi-bin/mmwebwx-bin/webwxgeticon?seq=607580444&username=@8cadd0bbe30c52dcc54f16ff7a485930&skey=@crypt_35d4cc78_5371985fd9e80ce9b8002b229dd388b3", "Uin": 0, "StarFriend": 0, "Statues": 0}, {"UserName": "@c1d9e2cb1b03fe80251a8305db458681", "City": "\u592a\u539f", "DisplayName": "", "UniFriend": 0, "MemberList": [], "PYQuanPin": "SKY", "RemarkPYInitial": "", "Sex": 1, "AppAccountFlag": 0, "VerifyFlag": 0, "Province": "\u5c71\u897f", "KeyWord": "xf1", "RemarkName": "", "PYInitial": "SKY", "IsOwner": 0, "ChatRoomId": 0, "HideInputBarFlag": 0, "EncryChatRoomId": "", "AttrStatus": 4135, "SnsFlag": 17, "MemberCount": 0, "OwnerUin": 0, "Alias": "", "Signature": "\u4e00\u82b1\u4e00\u4e16\u754c\n                  \u4e00\u5ff5\u4e00\u76f8\u601d", "ContactFlag": 3, "NickName": "SKY", "RemarkPYQuanPin": "", "HeadImgUrl": "/cgi-bin/mmwebwx-bin/webwxgeticon?seq=614800251&username=@c1d9e2cb1b03fe80251a8305db458681&skey=@crypt_35d4cc78_5371985fd9e80ce9b8002b229dd388b3", "Uin": 0, "StarFriend": 0, "Statues": 0}, {"UserName": "weixin", "City": "", "DisplayName": "", "UniFriend": 0, "MemberList": [], "PYQuanPin": "weixintuandui", "RemarkPYInitial": "", "Sex": 0, "AppAccountFlag": 0, "VerifyFlag": 56, "Province": "", "KeyWord": "wei", "RemarkName": "", "PYInitial": "WXTD", "IsOwner": 0, "ChatRoomId": 0, "HideInputBarFlag": 0, "EncryChatRoomId": "", "AttrStatus": 4, "SnsFlag": 0, "MemberCount": 0, "OwnerUin": 0, "Alias": "", "Signature": "\u5fae\u4fe1\u56e2\u961f\u5b98\u65b9\u5e10\u53f7", "ContactFlag": 1, "NickName": "\u5fae\u4fe1\u56e2\u961f", "RemarkPYQuanPin": "", "HeadImgUrl": "/cgi-bin/mmwebwx-bin/webwxgeticon?seq=607580005&username=weixin&skey=@crypt_35d4cc78_5371985fd9e80ce9b8002b229dd388b3", "Uin": 0, "StarFriend": 0, "Statues": 0}, {"UserName": "@8d841bd3bc2b12d73be4114b8cc5230027ed47c06b7a651f5cc512f611a5583c", "City": "\u5357\u660c", "DisplayName": "", "UniFriend": 0, "MemberList": [], "PYQuanPin": "Wuganghuge", "RemarkPYInitial": "", "Sex": 1, "AppAccountFlag": 0, "VerifyFlag": 0, "Province": "\u6c5f\u897f", "KeyWord": "", "RemarkName": "", "PYInitial": "WUGANGHG", "IsOwner": 0, "ChatRoomId": 0, "HideInputBarFlag": 0, "EncryChatRoomId": "", "AttrStatus": 102439, "SnsFlag": 17, "MemberCount": 0, "OwnerUin": 0, "Alias": "", "Signature": "\u5feb\u4e50\u4eba\u751f\u3002", "ContactFlag": 3, "NickName": "Wugang\uff08\u864e\u54e5\uff09", "RemarkPYQuanPin": "", "HeadImgUrl": "/cgi-bin/mmwebwx-bin/webwxgeticon?seq=614800679&username=@8d841bd3bc2b12d73be4114b8cc5230027ed47c06b7a651f5cc512f611a5583c&skey=@crypt_35d4cc78_5371985fd9e80ce9b8002b229dd388b3", "Uin": 0, "StarFriend": 0, "Statues": 0}, {"UserName": "@eddfadb8f4c86c7839009a36f9c518edf35c9839ddd7204b39cf7c3ff2c1afaa", "City": "", "DisplayName": "", "UniFriend": 0, "MemberList": [], "PYQuanPin": "liujie", "RemarkPYInitial": "", "Sex": 1, "AppAccountFlag": 0, "VerifyFlag": 0, "Province": "\u6c5f\u897f", "KeyWord": "", "RemarkName": "", "PYInitial": "LJ", "IsOwner": 0, "ChatRoomId": 0, "HideInputBarFlag": 0, "EncryChatRoomId": "", "AttrStatus": 4133, "SnsFlag": 1, "MemberCount": 0, "OwnerUin": 0, "Alias": "", "Signature": "\u5fc3\u4e4b\u6240\u5411\uff0c\u65e0\u4eba\u53ef\u6321", "ContactFlag": 1, "NickName": "\u5218\u6770", "RemarkPYQuanPin": "", "HeadImgUrl": "/cgi-bin/mmwebwx-bin/webwxgeticon?seq=611250577&username=@eddfadb8f4c86c7839009a36f9c518edf35c9839ddd7204b39cf7c3ff2c1afaa&skey=@crypt_35d4cc78_5371985fd9e80ce9b8002b229dd388b3", "Uin": 0, "StarFriend": 0, "Statues": 0}, {"UserName": "@da88150b6c1aa791ea03dc58205a95f7358dd089b6b41930804071c9a3d5d3a2", "City": "\u6df1\u5733", "DisplayName": "", "UniFriend": 0, "MemberList": [], "PYQuanPin": "FlyJiang", "RemarkPYInitial": "JF", "Sex": 1, "AppAccountFlag": 0, "VerifyFlag": 0, "Province": "\u5e7f\u4e1c", "KeyWord": "", "RemarkName": "\u6c5f\u70fd", "PYInitial": "FLYJIANG", "IsOwner": 0, "ChatRoomId": 0, "HideInputBarFlag": 0, "EncryChatRoomId": "", "AttrStatus": 4231269, "SnsFlag": 17, "MemberCount": 0, "OwnerUin": 0, "Alias": "", "Signature": "\u6211\u4e0d\u80fd\u5728\u788c\u788c\u65e0\u4e3a\u4e0b\u53bb\u4e86", "ContactFlag": 1, "NickName": "Fly Jiang", "RemarkPYQuanPin": "jiangfeng", "HeadImgUrl": "/cgi-bin/mmwebwx-bin/webwxgeticon?seq=607580872&username=@da88150b6c1aa791ea03dc58205a95f7358dd089b6b41930804071c9a3d5d3a2&skey=@crypt_35d4cc78_5371985fd9e80ce9b8002b229dd388b3", "Uin": 0, "StarFriend": 0, "Statues": 0}, {"UserName": "@27c1c387d53bf131334e1f258f7d56fc", "City": "\u6df1\u5733", "DisplayName": "", "UniFriend": 0, "MemberList": [], "PYQuanPin": "aishiyidaoguang", "RemarkPYInitial": "LYH", "Sex": 1, "AppAccountFlag": 0, "VerifyFlag": 0, "Province": "\u5e7f\u4e1c", "KeyWord": "qut", "RemarkName": "\u6881\u6654\u6656", "PYInitial": "ASYDG", "IsOwner": 0, "ChatRoomId": 0, "HideInputBarFlag": 0, "EncryChatRoomId": "", "AttrStatus": 4135, "SnsFlag": 17, "MemberCount": 0, "OwnerUin": 0, "Alias": "", "Signature": "", "ContactFlag": 3, "NickName": "\u7231\u662f\u4e00\u9053\u5149", "RemarkPYQuanPin": "liangyehui", "HeadImgUrl": "/cgi-bin/mmwebwx-bin/webwxgeticon?seq=616290109&username=@27c1c387d53bf131334e1f258f7d56fc&skey=@crypt_35d4cc78_5371985fd9e80ce9b8002b229dd388b3", "Uin": 0, "StarFriend": 0, "Statues": 0}, {"UserName": "@208774206a27d5bc4c97eee78b93e55a", "City": "\u957f\u6c99", "DisplayName": "", "UniFriend": 0, "MemberList": [], "PYQuanPin": "Youngzhuo", "RemarkPYInitial": "", "Sex": 1, "AppAccountFlag": 0, "VerifyFlag": 0, "Province": "\u6e56\u5357", "KeyWord": "cyz", "RemarkName": "", "PYInitial": "YOUNGZ", "IsOwner": 0, "ChatRoomId": 0, "HideInputBarFlag": 0, "EncryChatRoomId": "", "AttrStatus": 102503, "SnsFlag": 17, "MemberCount": 0, "OwnerUin": 0, "Alias": "", "Signature": "\u751f\u6d3b\u9700\u8981\u4e50\u89c2 \u79ef\u6781 \u5411\u4e0a \u624d\u6709\u8d28\u91cf \u9ad8\u5ea6 \u548c \u54c1\u4f4d", "ContactFlag": 3, "NickName": "Young  \u5353\u2018", "RemarkPYQuanPin": "", "HeadImgUrl": "/cgi-bin/mmwebwx-bin/webwxgeticon?seq=620380036&username=@208774206a27d5bc4c97eee78b93e55a&skey=@crypt_35d4cc78_5371985fd9e80ce9b8002b229dd388b3", "Uin": 0, "StarFriend": 0, "Statues": 0}, {"UserName": "@08777b86ac6d812bbe92efb8d823986b0d34c95babfa4da52dc6e146f0d00ccc", "City": "\u5357\u660c", "DisplayName": "", "UniFriend": 0, "MemberList": [], "PYQuanPin": "maomao", "RemarkPYInitial": "", "Sex": 1, "AppAccountFlag": 0, "VerifyFlag": 0, "Province": "\u6c5f\u897f", "KeyWord": "", "RemarkName": "", "PYInitial": "MM", "IsOwner": 0, "ChatRoomId": 0, "HideInputBarFlag": 0, "EncryChatRoomId": "", "AttrStatus": 16887845, "SnsFlag": 1, "MemberCount": 0, "OwnerUin": 0, "Alias": "", "Signature": "\u6bdb\u6bdb", "ContactFlag": 1, "NickName": "\u6bdb\u6bdb", "RemarkPYQuanPin": "", "HeadImgUrl": "/cgi-bin/mmwebwx-bin/webwxgeticon?seq=618410169&username=@08777b86ac6d812bbe92efb8d823986b0d34c95babfa4da52dc6e146f0d00ccc&skey=@crypt_35d4cc78_5371985fd9e80ce9b8002b229dd388b3", "Uin": 0, "StarFriend": 0, "Statues": 0}, {"UserName": "@c8effd77056bf72e2e80c617e3185202e546e62bbd0bda07d586b20b5d594f1e", "City": "\u9f99\u5ca9", "DisplayName": "", "UniFriend": 0, "MemberList": [], "PYQuanPin": "spanclassemojiemoji1f338spanspanclassemojiemoji1f338span", "RemarkPYInitial": "", "Sex": 2, "AppAccountFlag": 0, "VerifyFlag": 0, "Province": "\u798f\u5efa", "KeyWord": "", "RemarkName": "", "PYInitial": "SPANCLASSEMOJIEMOJI1F338SPANSPANCLASSEMOJIEMOJI1F338SPAN", "IsOwner": 0, "ChatRoomId": 0, "HideInputBarFlag": 0, "EncryChatRoomId": "", "AttrStatus": 110693, "SnsFlag": 17, "MemberCount": 0, "OwnerUin": 0, "Alias": "", "Signature": "\u5f97\u4e00\u4eba\u5fc3\uff0c\u767d\u9996\u4e0d\u5206\u79bb", "ContactFlag": 1, "NickName": "<span class=\"emoji emoji1f338\"></span> <span class=\"emoji emoji1f338\"></span>", "RemarkPYQuanPin": "", "HeadImgUrl": "/cgi-bin/mmwebwx-bin/webwxgeticon?seq=620380111&username=@c8effd77056bf72e2e80c617e3185202e546e62bbd0bda07d586b20b5d594f1e&skey=@crypt_35d4cc78_5371985fd9e80ce9b8002b229dd388b3", "Uin": 0, "StarFriend": 0, "Statues": 0}, {"UserName": "@8d4b4df5a00f58e5c430523c3c7eb5aa34afc4c6c8c99018f1f137bcd1add75c", "City": "\u6df1\u5733", "DisplayName": "", "UniFriend": 0, "MemberList": [], "PYQuanPin": "JeffQue", "RemarkPYInitial": "QJF", "Sex": 1, "AppAccountFlag": 0, "VerifyFlag": 0, "Province": "\u5e7f\u4e1c", "KeyWord": "", "RemarkName": "\u9619\u91d1\u5cf0", "PYInitial": "JEFFQUE", "IsOwner": 0, "ChatRoomId": 0, "HideInputBarFlag": 0, "EncryChatRoomId": "", "AttrStatus": 102501, "SnsFlag": 1, "MemberCount": 0, "OwnerUin": 0, "Alias": "", "Signature": "\u4f60\u8ddd\u79bb\u5931\u8d25\u6c38\u8fdc\u53ea\u67096\u4e2a\u6708\uff01", "ContactFlag": 1, "NickName": "Jeff  Que", "RemarkPYQuanPin": "quejinfeng", "HeadImgUrl": "/cgi-bin/mmwebwx-bin/webwxgeticon?seq=616290222&username=@8d4b4df5a00f58e5c430523c3c7eb5aa34afc4c6c8c99018f1f137bcd1add75c&skey=@crypt_35d4cc78_5371985fd9e80ce9b8002b229dd388b3", "Uin": 0, "StarFriend": 0, "Statues": 0}, {"UserName": "@ffb2ac1e993d273a640a09fb4ddc7a7eca8c47126154b5f33d0011333b961375", "City": "", "DisplayName": "", "UniFriend": 0, "MemberList": [], "PYQuanPin": "mopo", "RemarkPYInitial": "", "Sex": 1, "AppAccountFlag": 0, "VerifyFlag": 0, "Province": "", "KeyWord": "", "RemarkName": "", "PYInitial": "MP", "IsOwner": 0, "ChatRoomId": 0, "HideInputBarFlag": 0, "EncryChatRoomId": "", "AttrStatus": 16879717, "SnsFlag": 1, "MemberCount": 0, "OwnerUin": 0, "Alias": "", "Signature": "\u5e78\u798f\uff0c\u6c38\u8fdc\u4f1a\u7ee7\u7eed\u4e0b\u53bb\uff0c\u6211\u4f1a\u5b88\u62a4\u597d\u5b83\uff0c\u5b88\u62a4\u597d\u4f60<span class=\"emoji emoji1f33f\"></span>", "ContactFlag": 3, "NickName": "\u58a8\u2019\u7834", "RemarkPYQuanPin": "", "HeadImgUrl": "/cgi-bin/mmwebwx-bin/webwxgeticon?seq=618410060&username=@ffb2ac1e993d273a640a09fb4ddc7a7eca8c47126154b5f33d0011333b961375&skey=@crypt_35d4cc78_5371985fd9e80ce9b8002b229dd388b3", "Uin": 0, "StarFriend": 0, "Statues": 0}, {"UserName": "@5df4bfe45d4a9af18d49bf1a5535d69526f5d8d136e1b9ac139287301adb9c33", "City": "", "DisplayName": "", "UniFriend": 0, "MemberList": [], "PYQuanPin": "zhjr", "RemarkPYInitial": "", "Sex": 2, "AppAccountFlag": 0, "VerifyFlag": 0, "Province": "\u4e0a\u6d77", "KeyWord": "", "RemarkName": "", "PYInitial": "ZHJR", "IsOwner": 0, "ChatRoomId": 0, "HideInputBarFlag": 0, "EncryChatRoomId": "", "AttrStatus": 102909, "SnsFlag": 48, "MemberCount": 0, "OwnerUin": 0, "Alias": "", "Signature": "\u9756\u8339", "ContactFlag": 3, "NickName": "zhjr", "RemarkPYQuanPin": "", "HeadImgUrl": "/cgi-bin/mmwebwx-bin/webwxgeticon?seq=614800584&username=@5df4bfe45d4a9af18d49bf1a5535d69526f5d8d136e1b9ac139287301adb9c33&skey=@crypt_35d4cc78_5371985fd9e80ce9b8002b229dd388b3", "Uin": 0, "StarFriend": 0, "Statues": 0}, {"UserName": "@90c60bb5eef8b708fe94020f3616fa15", "City": "\u5e7f\u5dde", "DisplayName": "", "UniFriend": 0, "MemberList": [], "PYQuanPin": "weixinyundong", "RemarkPYInitial": "", "Sex": 0, "AppAccountFlag": 0, "VerifyFlag": 24, "Province": "\u5e7f\u4e1c", "KeyWord": "gh_", "RemarkName": "", "PYInitial": "WXYD", "IsOwner": 0, "ChatRoomId": 0, "HideInputBarFlag": 0, "EncryChatRoomId": "", "AttrStatus": 0, "SnsFlag": 0, "MemberCount": 0, "OwnerUin": 0, "Alias": "", "Signature": "\u4e5f\u8bb8\u4f60\u65e9\u5df2\u4e60\u60ef\u4e00\u4e2a\u4eba\u8fd0\u52a8\u7684\u5b64\u72ec\uff0c\u5374\u4e5f\u5076\u5c14\u6e34\u671b\u5f97\u5230\u8d5e\u8d4f\u3002\u52a0\u5165\u5fae\u4fe1\u8fd0\u52a8\uff0c\u548c\u670b\u53cb\u4e00\u8d77\u70b9\u8d5e\u4e92\u52a8\u3001\u62a2\u5360\u5c01\u9762\uff0c\u5206\u4eab\u8fd0\u52a8\u7684\u5feb\u4e50\u3002", "ContactFlag": 3, "NickName": "\u5fae\u4fe1\u8fd0\u52a8", "RemarkPYQuanPin": "", "HeadImgUrl": "/cgi-bin/mmwebwx-bin/webwxgeticon?seq=620380382&username=@90c60bb5eef8b708fe94020f3616fa15&skey=@crypt_35d4cc78_5371985fd9e80ce9b8002b229dd388b3", "Uin": 0, "StarFriend": 0, "Statues": 0}, {"UserName": "@ba36d45e5d42809c4231b9dba4d2565f", "City": "\u666e\u9640", "DisplayName": "", "UniFriend": 0, "MemberList": [], "PYQuanPin": "Panli", "RemarkPYInitial": "", "Sex": 0, "AppAccountFlag": 0, "VerifyFlag": 24, "Province": "\u4e0a\u6d77", "KeyWord": "gh_", "RemarkName": "", "PYInitial": "PANLI", "IsOwner": 0, "ChatRoomId": 0, "HideInputBarFlag": 0, "EncryChatRoomId": "", "AttrStatus": 0, "SnsFlag": 0, "MemberCount": 0, "OwnerUin": 0, "Alias": "", "Signature": "\u4eba\u5728\u6d77\u5916\uff0c\u8db3\u4e0d\u51fa\u6237\uff0c\u4e70\u904d\u4e2d\u56fd\uff0c\u5c3d\u5728Panli.com\u3002 \u5173\u6ce8Panli\u4ee3\u8d2d\u5b98\u65b9\u5fae\u4fe1\uff0c\u6d3b\u52a8\u4f18\u60e0\u62a2\u5148\u77e5\u3002", "ContactFlag": 3, "NickName": "Panli", "RemarkPYQuanPin": "", "HeadImgUrl": "/cgi-bin/mmwebwx-bin/webwxgeticon?seq=623440012&username=@ba36d45e5d42809c4231b9dba4d2565f&skey=@crypt_35d4cc78_5371985fd9e80ce9b8002b229dd388b3", "Uin": 0, "StarFriend": 0, "Statues": 0}, {"UserName": "@5189114126680e0cf67d95063bf40ca0f7ff3686336b9279e5596223d7b78d19", "City": "", "DisplayName": "", "UniFriend": 0, "MemberList": [], "PYQuanPin": "shendaoren", "RemarkPYInitial": "", "Sex": 0, "AppAccountFlag": 0, "VerifyFlag": 0, "Province": "", "KeyWord": "", "RemarkName": "", "PYInitial": "SDR", "IsOwner": 0, "ChatRoomId": 0, "HideInputBarFlag": 0, "EncryChatRoomId": "", "AttrStatus": 4133, "SnsFlag": 1, "MemberCount": 0, "OwnerUin": 0, "Alias": "", "Signature": "\u4eba\u751f\u5728\u4e8e\u662f\u5426\u6709\u8ffd\u6c42\uff0c\u662f\u5426\u6709\u4ef7\u503c\u3002\u4e3a\u4e86\u90a3\u5565\uff0c\u5e0c\u671b\u6211\u4eec\u90fd\u4f1a\u6210\u529f\u3002", "ContactFlag": 3, "NickName": "\u795e\u53e8\u4eba", "RemarkPYQuanPin": "", "HeadImgUrl": "/cgi-bin/mmwebwx-bin/webwxgeticon?seq=623440029&username=@5189114126680e0cf67d95063bf40ca0f7ff3686336b9279e5596223d7b78d19&skey=@crypt_35d4cc78_5371985fd9e80ce9b8002b229dd388b3", "Uin": 0, "StarFriend": 0, "Statues": 0}, {"UserName": "@bc5d0c4ce8aee88df2bf92eb87f313827ccf302c57eff00d457dc1bfcc626e91", "City": "\u8d63\u5dde", "DisplayName": "", "UniFriend": 0, "MemberList": [], "PYQuanPin": "jujiangjiuzuoge", "RemarkPYInitial": "", "Sex": 1, "AppAccountFlag": 0, "VerifyFlag": 0, "Province": "\u6c5f\u897f", "KeyWord": "", "RemarkName": "", "PYInitial": "JJJZG", "IsOwner": 0, "ChatRoomId": 0, "HideInputBarFlag": 0, "EncryChatRoomId": "", "AttrStatus": 4197, "SnsFlag": 1, "MemberCount": 0, "OwnerUin": 0, "Alias": "", "Signature": "\u96c4\u5173\u6f2b\u9053\u771f\u5982\u94c1\uff0c\u800c\u4eca\u8fc8\u6b65\u4ece\u5934\u8d8a", "ContactFlag": 3, "NickName": "\u4e14\u5c06\u9152\u4f5c\u6b4c", "RemarkPYQuanPin": "", "HeadImgUrl": "/cgi-bin/mmwebwx-bin/webwxgeticon?seq=623440378&username=@bc5d0c4ce8aee88df2bf92eb87f313827ccf302c57eff00d457dc1bfcc626e91&skey=@crypt_35d4cc78_5371985fd9e80ce9b8002b229dd388b3", "Uin": 0, "StarFriend": 0, "Statues": 0}, {"UserName": "@f860a599863f1cdb930cdc33d1d47f303a0155516d5d825905feee977867ac39", "City": "\u5e7f\u5dde", "DisplayName": "", "UniFriend": 0, "MemberList": [], "PYQuanPin": "linziling", "RemarkPYInitial": "", "Sex": 2, "AppAccountFlag": 0, "VerifyFlag": 0, "Province": "\u5e7f\u4e1c", "KeyWord": "", "RemarkName": "", "PYInitial": "LZL", "IsOwner": 0, "ChatRoomId": 0, "HideInputBarFlag": 0, "EncryChatRoomId": "", "AttrStatus": 4427837, "SnsFlag": 17, "MemberCount": 0, "OwnerUin": 0, "Alias": "", "Signature": "Lights will guide you home.", "ContactFlag": 3, "NickName": "\u6797\u5b50\u9234", "RemarkPYQuanPin": "", "HeadImgUrl": "/cgi-bin/mmwebwx-bin/webwxgeticon?seq=616290234&username=@f860a599863f1cdb930cdc33d1d47f303a0155516d5d825905feee977867ac39&skey=@crypt_35d4cc78_5371985fd9e80ce9b8002b229dd388b3", "Uin": 0, "StarFriend": 0, "Statues": 0}, {"UserName": "@e24ca314a4c96bfc1e882de0b337da1a", "City": "\u4e50\u5c71", "DisplayName": "", "UniFriend": 0, "MemberList": [], "PYQuanPin": "H77", "RemarkPYInitial": "", "Sex": 1, "AppAccountFlag": 0, "VerifyFlag": 0, "Province": "\u56db\u5ddd", "KeyWord": "QWs", "RemarkName": "", "PYInitial": "H77", "IsOwner": 0, "ChatRoomId": 0, "HideInputBarFlag": 0, "EncryChatRoomId": "", "AttrStatus": 4321383, "SnsFlag": 17, "MemberCount": 0, "OwnerUin": 0, "Alias": "", "Signature": "", "ContactFlag": 3, "NickName": "H77", "RemarkPYQuanPin": "", "HeadImgUrl": "/cgi-bin/mmwebwx-bin/webwxgeticon?seq=623440523&username=@e24ca314a4c96bfc1e882de0b337da1a&skey=@crypt_35d4cc78_5371985fd9e80ce9b8002b229dd388b3", "Uin": 0, "StarFriend": 0, "Statues": 0}, {"UserName": "@23a12cf7f70d31c2e0bb74793ef73b24636902a46558bc9e374a5e5c3021bf11", "City": "", "DisplayName": "", "UniFriend": 0, "MemberList": [], "PYQuanPin": "lianggexiaowanzideba", "RemarkPYInitial": "", "Sex": 1, "AppAccountFlag": 0, "VerifyFlag": 0, "Province": "Vorarlberg", "KeyWord": "zha", "RemarkName": "", "PYInitial": "LGXWZDB", "IsOwner": 0, "ChatRoomId": 0, "HideInputBarFlag": 0, "EncryChatRoomId": "", "AttrStatus": 104487, "SnsFlag": 17, "MemberCount": 0, "OwnerUin": 0, "Alias": "", "Signature": "11\u67087\u65e5\u81f312\u67082\u65e5\u671f\u95f4\u53bb\u5fb7\u56fd\u5b66\u4e60\uff0c\u624b\u673a\u6682\u65f6\u505c\u7528\uff0c\u5982\u6709\u4e8b\u8bf7\u7559\u8a00\uff0c", "ContactFlag": 3, "NickName": "\u4e24\u4e2a\u5c0f\u4e38\u5b50\u7684\u7238", "RemarkPYQuanPin": "", "HeadImgUrl": "/cgi-bin/mmwebwx-bin/webwxgeticon?seq=623440565&username=@23a12cf7f70d31c2e0bb74793ef73b24636902a46558bc9e374a5e5c3021bf11&skey=@crypt_35d4cc78_5371985fd9e80ce9b8002b229dd388b3", "Uin": 0, "StarFriend": 0, "Statues": 0}, {"UserName": "@077fff192eb34779a73944a288ea6e1a826bf4cec904a58fb8aeff114d7888dd", "City": "\u53a6\u95e8", "DisplayName": "", "UniFriend": 0, "MemberList": [], "PYQuanPin": "MEI", "RemarkPYInitial": "", "Sex": 1, "AppAccountFlag": 0, "VerifyFlag": 0, "Province": "\u798f\u5efa", "KeyWord": "", "RemarkName": "", "PYInitial": "MEI", "IsOwner": 0, "ChatRoomId": 0, "HideInputBarFlag": 0, "EncryChatRoomId": "", "AttrStatus": 102437, "SnsFlag": 17, "MemberCount": 0, "OwnerUin": 0, "Alias": "", "Signature": "\u68a6\u6709\u591a\u8fdc\uff0c\u6211\u5c31\u80fd\u98de\u591a\u8fdc\uff01", "ContactFlag": 3, "NickName": "MEI", "RemarkPYQuanPin": "", "HeadImgUrl": "/cgi-bin/mmwebwx-bin/webwxgeticon?seq=623440549&username=@077fff192eb34779a73944a288ea6e1a826bf4cec904a58fb8aeff114d7888dd&skey=@crypt_35d4cc78_5371985fd9e80ce9b8002b229dd388b3", "Uin": 0, "StarFriend": 0, "Statues": 0}, {"UserName": "@8fec2505b680a841131bcd0b8de1e809952df83043adc04fbe880c09e3519443", "City": "\u7709\u5c71", "DisplayName": "", "UniFriend": 0, "MemberList": [], "PYQuanPin": "jinchibohai", "RemarkPYInitial": "", "Sex": 1, "AppAccountFlag": 0, "VerifyFlag": 0, "Province": "\u56db\u5ddd", "KeyWord": "", "RemarkName": "", "PYInitial": "JCBH", "IsOwner": 0, "ChatRoomId": 0, "HideInputBarFlag": 0, "EncryChatRoomId": "", "AttrStatus": 36919, "SnsFlag": 17, "MemberCount": 0, "OwnerUin": 0, "Alias": "", "Signature": "\u7f18\u6765\u7f18\u53bb", "ContactFlag": 3, "NickName": "\u91d1\u7fc5\u64d8\u6d77", "RemarkPYQuanPin": "", "HeadImgUrl": "/cgi-bin/mmwebwx-bin/webwxgeticon?seq=607580418&username=@8fec2505b680a841131bcd0b8de1e809952df83043adc04fbe880c09e3519443&skey=@crypt_35d4cc78_5371985fd9e80ce9b8002b229dd388b3", "Uin": 0, "StarFriend": 0, "Statues": 0}, {"UserName": "@51f3a397472c569ed696d4ecd777b322ec4aa16b4b1014f3202b3ff25b3f00c7", "City": "\u5eca\u574a", "DisplayName": "", "UniFriend": 0, "MemberList": [], "PYQuanPin": "yishengyouni", "RemarkPYInitial": "", "Sex": 1, "AppAccountFlag": 0, "VerifyFlag": 0, "Province": "\u6cb3\u5317", "KeyWord": "", "RemarkName": "", "PYInitial": "YSYN", "IsOwner": 0, "ChatRoomId": 0, "HideInputBarFlag": 0, "EncryChatRoomId": "", "AttrStatus": 4133, "SnsFlag": 1, "MemberCount": 0, "OwnerUin": 0, "Alias": "", "Signature": "", "ContactFlag": 3, "NickName": "\u4e00\u751f\u6709\u4f60", "RemarkPYQuanPin": "", "HeadImgUrl": "/cgi-bin/mmwebwx-bin/webwxgeticon?seq=611252260&username=@51f3a397472c569ed696d4ecd777b322ec4aa16b4b1014f3202b3ff25b3f00c7&skey=@crypt_35d4cc78_5371985fd9e80ce9b8002b229dd388b3", "Uin": 0, "StarFriend": 0, "Statues": 0}, {"UserName": "@f12e4518e2076ad47872dffe5ddde0b9c020eccc81b9f8a116061ac1c2384ac3", "City": "\u8d63\u5dde", "DisplayName": "", "UniFriend": 0, "MemberList": [], "PYQuanPin": "beichengyibeiyiduolishang", "RemarkPYInitial": "", "Sex": 1, "AppAccountFlag": 0, "VerifyFlag": 0, "Province": "\u6c5f\u897f", "KeyWord": "", "RemarkName": "", "PYInitial": "BCYBYDLS", "IsOwner": 0, "ChatRoomId": 0, "HideInputBarFlag": 0, "EncryChatRoomId": "", "AttrStatus": 16945253, "SnsFlag": 17, "MemberCount": 0, "OwnerUin": 0, "Alias": "", "Signature": "\u3002\u3002\u3002\u3002", "ContactFlag": 3, "NickName": "\u3043\u5317\u57ce\u4ee5\u5317\uff0c\u4e00\u6735\u79bb\u6b87\u309b", "RemarkPYQuanPin": "", "HeadImgUrl": "/cgi-bin/mmwebwx-bin/webwxgeticon?seq=623440704&username=@f12e4518e2076ad47872dffe5ddde0b9c020eccc81b9f8a116061ac1c2384ac3&skey=@crypt_35d4cc78_5371985fd9e80ce9b8002b229dd388b3", "Uin": 0, "StarFriend": 0, "Statues": 0}]