[{"UserName": "@a6c3f61a18871700cf05a5a25074fac7", "City": "\u5e7f\u5dde", "DisplayName": "", "UniFriend": 0, "MemberList": [], "PYQuanPin": "gongzhongpingtaianquanzhushou", "RemarkPYInitial": "", "Sex": 0, "AppAccountFlag": 0, "VerifyFlag": 24, "Province": "\u5e7f\u4e1c", "KeyWord": "mph", "RemarkName": "", "PYInitial": "GZPTAQZS", "IsOwner": 0, "ChatRoomId": 0, "HideInputBarFlag": 0, "EncryChatRoomId": "", "AttrStatus": 98459, "SnsFlag": 0, "MemberCount": 0, "OwnerUin": 0, "Alias": "", "Signature": "\u63d0\u4f9b\u5fae\u4fe1\u516c\u4f17\u53f7\u767b\u5f55\u548c\u7fa4\u53d1\u7b49\u5b89\u5168\u64cd\u4f5c\uff0c\u5728\u624b\u673a\u4e0a\u67e5\u6536\u6d88\u606f\u3001\u8bc4\u8bba\u3001\u8d5e\u8d4f\uff0c\u65b0\u5efa\u7fa4\u53d1\u548c\u67e5\u770b\u7fa4\u53d1\u5386\u53f2\u3002", "ContactFlag": 3, "NickName": "\u516c\u4f17\u5e73\u53f0\u5b89\u5168\u52a9\u624b", "RemarkPYQuanPin": "", "HeadImgUrl": "/cgi-bin/mmwebwx-bin/webwxgeticon?seq=607580219&username=@a6c3f61a18871700cf05a5a25074fac7&skey=@crypt_35d4cc78_5371985fd9e80ce9b8002b229dd388b3", "Uin": 0, "StarFriend": 0, "Statues": 0}, {"UserName": "@8e25c77299cd2d6e3b28e8621fa53a41", "City": "\u5e7f\u5dde", "DisplayName": "", "UniFriend": 0, "MemberList": [], "PYQuanPin": "weixinkaifazhe", "RemarkPYInitial": "", "Sex": 0, "AppAccountFlag": 0, "VerifyFlag": 24, "Province": "\u5e7f\u4e1c", "KeyWord": "gh_", "RemarkName": "", "PYInitial": "WXKFZ", "IsOwner": 0, "ChatRoomId": 0, "HideInputBarFlag": 0, "EncryChatRoomId": "", "AttrStatus": 0, "SnsFlag": 0, "MemberCount": 0, "OwnerUin": 0, "Alias": "", "Signature": "\u53d1\u5e03\u5fae\u4fe1\u5f00\u653e\u5e73\u53f0\u548c\u516c\u4f17\u5e73\u53f0\u7684\u5f00\u53d1\u8005\u76f8\u5173\u6d88\u606f\uff0c\u5e2e\u52a9\u4f60\u66f4\u597d\u5730\u8fdb\u884c\u5fae\u4fe1\u76f8\u5173\u5f00\u53d1\u3002", "ContactFlag": 3, "NickName": "\u5fae\u4fe1\u5f00\u53d1\u8005", "RemarkPYQuanPin": "", "HeadImgUrl": "/cgi-bin/mmwebwx-bin/webwxgeticon?seq=607580223&username=@8e25c77299cd2d6e3b28e8621fa53a41&skey=@crypt_35d4cc78_5371985fd9e80ce9b8002b229dd388b3", "Uin": 0, "StarFriend": 0, "Statues": 0}, {"UserName": "@91fff907bda4a8f0e61ba770869ccbab", "City": "\u4e50\u5c71", "DisplayName": "", "UniFriend": 0, "MemberList": [], "PYQuanPin": "Xobotkeji", "RemarkPYInitial": "", "Sex": 0, "AppAccountFlag": 0, "VerifyFlag": 8, "Province": "\u56db\u5ddd", "KeyWord": "gh_", "RemarkName": "", "PYInitial": "XOBOTKJ", "IsOwner": 0, "ChatRoomId": 0, "HideInputBarFlag": 0, "EncryChatRoomId": "", "AttrStatus": 0, "SnsFlag": 0, "MemberCount": 0, "OwnerUin": 0, "Alias": "", "Signature": "\u667a\u80fd\u7ba1\u5bb6\u662f\u4e3a\u4e86\u4eba\u4eec\u7684\u81ea\u8eab\u670d\u52a1\u3001\u5bb6\u7528\u7535\u5668\u63a7\u5236\u548c\u63d0\u9ad8\u8d22\u4ea7\u5b89\u5168\u800c\u7814\u53d1\u7684\u4e00\u6b3e\u5bb6\u5ead\u673a\u5668\u4eba\uff0c\u8ba9\u5c45\u5bb6\u751f\u6d3b\u66f4\u8f7b\u677e\u3002\u4fdd\u8bc1\u81ea\u8eab\u7684\u4eba\u8eab\u548c\u8d22\u5bcc\u5b89\u5168\uff0c\u667a\u80fd\u7ba1\u5bb6\u5305\u62ec\u4e86\u5168\u65b9\u4f4d\u79fb\u52a8\u8f66\u8eab\u3001\u667a\u80fd\u5b89\u9632\u7cfb\u7edf\u3001\u8eab\u4efd\u8bc6\u522b\u7cfb\u7edf\u548c\u8bed\u97f3\u64cd\u63a7\u3001\u667a\u80fd\u5bb6\u5c45\u63a7\u5236\u7b49\u529f\u80fd\u4e3a\u4e00\u4f53\u3002", "ContactFlag": 3, "NickName": "Xobot\u79d1\u6280", "RemarkPYQuanPin": "", "HeadImgUrl": "/cgi-bin/mmwebwx-bin/webwxgeticon?seq=607580226&username=@91fff907bda4a8f0e61ba770869ccbab&skey=@crypt_35d4cc78_5371985fd9e80ce9b8002b229dd388b3", "Uin": 0, "StarFriend": 0, "Statues": 0}, {"UserName": "@9b76da676ca2b97e7379f51fdaa85f6e", "City": "\u5e7f\u5dde", "DisplayName": "", "UniFriend": 0, "MemberList": [], "PYQuanPin": "gongzhongpingtaiceshizhanghaojitong", "RemarkPYInitial": "", "Sex": 0, "AppAccountFlag": 0, "VerifyFlag": 8, "Province": "\u5e7f\u4e1c", "KeyWord": "gh_", "RemarkName": "", "PYInitial": "GZPTCSZHJT", "IsOwner": 0, "ChatRoomId": 0, "HideInputBarFlag": 0, "EncryChatRoomId": "", "AttrStatus": 0, "SnsFlag": 0, "MemberCount": 0, "OwnerUin": 0, "Alias": "", "Signature": "\u6d4b\u8bd5\u8d26\u53f7\u7cfb\u7edf", "ContactFlag": 3, "NickName": "\u516c\u4f17\u5e73\u53f0\u6d4b\u8bd5\u8d26\u53f7\u7cfb\u7edf", "RemarkPYQuanPin": "", "HeadImgUrl": "/cgi-bin/mmwebwx-bin/webwxgeticon?seq=611250591&username=@9b76da676ca2b97e7379f51fdaa85f6e&skey=@crypt_35d4cc78_5371985fd9e80ce9b8002b229dd388b3", "Uin": 0, "StarFriend": 0, "Statues": 0}, {"UserName": "weixin", "City": "", "DisplayName": "", "UniFriend": 0, "MemberList": [], "PYQuanPin": "weixintuandui", "RemarkPYInitial": "", "Sex": 0, "AppAccountFlag": 0, "VerifyFlag": 56, "Province": "", "KeyWord": "wei", "RemarkName": "", "PYInitial": "WXTD", "IsOwner": 0, "ChatRoomId": 0, "HideInputBarFlag": 0, "EncryChatRoomId": "", "AttrStatus": 4, "SnsFlag": 0, "MemberCount": 0, "OwnerUin": 0, "Alias": "", "Signature": "\u5fae\u4fe1\u56e2\u961f\u5b98\u65b9\u5e10\u53f7", "ContactFlag": 1, "NickName": "\u5fae\u4fe1\u56e2\u961f", "RemarkPYQuanPin": "", "HeadImgUrl": "/cgi-bin/mmwebwx-bin/webwxgeticon?seq=607580005&username=weixin&skey=@crypt_35d4cc78_5371985fd9e80ce9b8002b229dd388b3", "Uin": 0, "StarFriend": 0, "Statues": 0}, {"UserName": "@90c60bb5eef8b708fe94020f3616fa15", "City": "\u5e7f\u5dde", "DisplayName": "", "UniFriend": 0, "MemberList": [], "PYQuanPin": "weixinyundong", "RemarkPYInitial": "", "Sex": 0, "AppAccountFlag": 0, "VerifyFlag": 24, "Province": "\u5e7f\u4e1c", "KeyWord": "gh_", "RemarkName": "", "PYInitial": "WXYD", "IsOwner": 0, "ChatRoomId": 0, "HideInputBarFlag": 0, "EncryChatRoomId": "", "AttrStatus": 0, "SnsFlag": 0, "MemberCount": 0, "OwnerUin": 0, "Alias": "", "Signature": "\u4e5f\u8bb8\u4f60\u65e9\u5df2\u4e60\u60ef\u4e00\u4e2a\u4eba\u8fd0\u52a8\u7684\u5b64\u72ec\uff0c\u5374\u4e5f\u5076\u5c14\u6e34\u671b\u5f97\u5230\u8d5e\u8d4f\u3002\u52a0\u5165\u5fae\u4fe1\u8fd0\u52a8\uff0c\u548c\u670b\u53cb\u4e00\u8d77\u70b9\u8d5e\u4e92\u52a8\u3001\u62a2\u5360\u5c01\u9762\uff0c\u5206\u4eab\u8fd0\u52a8\u7684\u5feb\u4e50\u3002", "ContactFlag": 3, "NickName": "\u5fae\u4fe1\u8fd0\u52a8", "RemarkPYQuanPin": "", "HeadImgUrl": "/cgi-bin/mmwebwx-bin/webwxgeticon?seq=620380382&username=@90c60bb5eef8b708fe94020f3616fa15&skey=@crypt_35d4cc78_5371985fd9e80ce9b8002b229dd388b3", "Uin": 0, "StarFriend": 0, "Statues": 0}, {"UserName": "@ba36d45e5d42809c4231b9dba4d2565f", "City": "\u666e\u9640", "DisplayName": "", "UniFriend": 0, "MemberList": [], "PYQuanPin": "Panli", "RemarkPYInitial": "", "Sex": 0, "AppAccountFlag": 0, "VerifyFlag": 24, "Province": "\u4e0a\u6d77", "KeyWord": "gh_", "RemarkName": "", "PYInitial": "PANLI", "IsOwner": 0, "ChatRoomId": 0, "HideInputBarFlag": 0, "EncryChatRoomId": "", "AttrStatus": 0, "SnsFlag": 0, "MemberCount": 0, "OwnerUin": 0, "Alias": "", "Signature": "\u4eba\u5728\u6d77\u5916\uff0c\u8db3\u4e0d\u51fa\u6237\uff0c\u4e70\u904d\u4e2d\u56fd\uff0c\u5c3d\u5728Panli.com\u3002 \u5173\u6ce8Panli\u4ee3\u8d2d\u5b98\u65b9\u5fae\u4fe1\uff0c\u6d3b\u52a8\u4f18\u60e0\u62a2\u5148\u77e5\u3002", "ContactFlag": 3, "NickName": "Panli", "RemarkPYQuanPin": "", "HeadImgUrl": "/cgi-bin/mmwebwx-bin/webwxgeticon?seq=623440012&username=@ba36d45e5d42809c4231b9dba4d2565f&skey=@crypt_35d4cc78_5371985fd9e80ce9b8002b229dd388b3", "Uin": 0, "StarFriend": 0, "Statues": 0}]