[{"UserName": "filehelper", "City": "", "DisplayName": "", "UniFriend": 0, "MemberList": [], "PYQuanPin": "wenjianchuanshuzhushou", "RemarkPYInitial": "", "Sex": 0, "AppAccountFlag": 0, "VerifyFlag": 0, "Province": "", "KeyWord": "fil", "RemarkName": "", "PYInitial": "WJCSZS", "IsOwner": 0, "ChatRoomId": 0, "HideInputBarFlag": 0, "EncryChatRoomId": "", "AttrStatus": 0, "SnsFlag": 0, "MemberCount": 0, "OwnerUin": 0, "Alias": "", "Signature": "", "ContactFlag": 3, "NickName": "\u6587\u4ef6\u4f20\u8f93\u52a9\u624b", "RemarkPYQuanPin": "", "HeadImgUrl": "/cgi-bin/mmwebwx-bin/webwxgeticon?seq=607580133&username=filehelper&skey=@crypt_35d4cc78_5371985fd9e80ce9b8002b229dd388b3", "Uin": 0, "StarFriend": 0, "Statues": 0}]