[{"MemberCount": 40, "MemberList": [{"UserName": "@a2704b99420ccef43165179bc85d0ade", "City": "\u5e7f\u5dde", "DisplayName": "", "UniFriend": 0, "MemberList": [], "PYQuanPin": "gongzhongpingtaianquanzhushou", "RemarkPYInitial": "", "Sex": 0, "AppAccountFlag": 0, "VerifyFlag": 24, "Province": "\u5e7f\u4e1c", "KeyWord": "mph", "RemarkName": "", "PYInitial": "GZPTAQZS", "IsOwner": 0, "ChatRoomId": 0, "HideInputBarFlag": 0, "EncryChatRoomId": "", "AttrStatus": 98459, "SnsFlag": 0, "MemberCount": 0, "OwnerUin": 0, "Alias": "", "Signature": "\u63d0\u4f9b\u5fae\u4fe1\u516c\u4f17\u53f7\u767b\u5f55\u548c\u7fa4\u53d1\u7b49\u5b89\u5168\u64cd\u4f5c\uff0c\u5728\u624b\u673a\u4e0a\u67e5\u6536\u6d88\u606f\u3001\u8bc4\u8bba\u3001\u8d5e\u8d4f\uff0c\u65b0\u5efa\u7fa4\u53d1\u548c\u67e5\u770b\u7fa4\u53d1\u5386\u53f2\u3002", "ContactFlag": 3, "NickName": "\u516c\u4f17\u5e73\u53f0\u5b89\u5168\u52a9\u624b", "RemarkPYQuanPin": "", "HeadImgUrl": "/cgi-bin/mmwebwx-bin/webwxgeticon?seq=607580219&username=@a2704b99420ccef43165179bc85d0ade&skey=@crypt_35d4cc78_6cca65bb7b2510730f8fbe9a9c89ff40", "Uin": 0, "StarFriend": 0, "Statues": 0}, {"UserName": "@5ec2e0de2bfbf3f2c2d4a6ff0356e9f7", "City": "\u5e7f\u5dde", "DisplayName": "", "UniFriend": 0, "MemberList": [], "PYQuanPin": "weixinkaifazhe", "RemarkPYInitial": "", "Sex": 0, "AppAccountFlag": 0, "VerifyFlag": 24, "Province": "\u5e7f\u4e1c", "KeyWord": "gh_", "RemarkName": "", "PYInitial": "WXKFZ", "IsOwner": 0, "ChatRoomId": 0, "HideInputBarFlag": 0, "EncryChatRoomId": "", "AttrStatus": 0, "SnsFlag": 0, "MemberCount": 0, "OwnerUin": 0, "Alias": "", "Signature": "\u53d1\u5e03\u5fae\u4fe1\u5f00\u653e\u5e73\u53f0\u548c\u516c\u4f17\u5e73\u53f0\u7684\u5f00\u53d1\u8005\u76f8\u5173\u6d88\u606f\uff0c\u5e2e\u52a9\u4f60\u66f4\u597d\u5730\u8fdb\u884c\u5fae\u4fe1\u76f8\u5173\u5f00\u53d1\u3002", "ContactFlag": 3, "NickName": "\u5fae\u4fe1\u5f00\u53d1\u8005", "RemarkPYQuanPin": "", "HeadImgUrl": "/cgi-bin/mmwebwx-bin/webwxgeticon?seq=607580223&username=@5ec2e0de2bfbf3f2c2d4a6ff0356e9f7&skey=@crypt_35d4cc78_6cca65bb7b2510730f8fbe9a9c89ff40", "Uin": 0, "StarFriend": 0, "Statues": 0}, {"UserName": "@b5a53121f4ce7f9a96fd83e4631741e2", "City": "\u4e50\u5c71", "DisplayName": "", "UniFriend": 0, "MemberList": [], "PYQuanPin": "Xobotkeji", "RemarkPYInitial": "", "Sex": 0, "AppAccountFlag": 0, "VerifyFlag": 8, "Province": "\u56db\u5ddd", "KeyWord": "gh_", "RemarkName": "", "PYInitial": "XOBOTKJ", "IsOwner": 0, "ChatRoomId": 0, "HideInputBarFlag": 0, "EncryChatRoomId": "", "AttrStatus": 0, "SnsFlag": 0, "MemberCount": 0, "OwnerUin": 0, "Alias": "", "Signature": "\u667a\u80fd\u7ba1\u5bb6\u662f\u4e3a\u4e86\u4eba\u4eec\u7684\u81ea\u8eab\u670d\u52a1\u3001\u5bb6\u7528\u7535\u5668\u63a7\u5236\u548c\u63d0\u9ad8\u8d22\u4ea7\u5b89\u5168\u800c\u7814\u53d1\u7684\u4e00\u6b3e\u5bb6\u5ead\u673a\u5668\u4eba\uff0c\u8ba9\u5c45\u5bb6\u751f\u6d3b\u66f4\u8f7b\u677e\u3002\u4fdd\u8bc1\u81ea\u8eab\u7684\u4eba\u8eab\u548c\u8d22\u5bcc\u5b89\u5168\uff0c\u667a\u80fd\u7ba1\u5bb6\u5305\u62ec\u4e86\u5168\u65b9\u4f4d\u79fb\u52a8\u8f66\u8eab\u3001\u667a\u80fd\u5b89\u9632\u7cfb\u7edf\u3001\u8eab\u4efd\u8bc6\u522b\u7cfb\u7edf\u548c\u8bed\u97f3\u64cd\u63a7\u3001\u667a\u80fd\u5bb6\u5c45\u63a7\u5236\u7b49\u529f\u80fd\u4e3a\u4e00\u4f53\u3002", "ContactFlag": 3, "NickName": "Xobot\u79d1\u6280", "RemarkPYQuanPin": "", "HeadImgUrl": "/cgi-bin/mmwebwx-bin/webwxgeticon?seq=607580226&username=@b5a53121f4ce7f9a96fd83e4631741e2&skey=@crypt_35d4cc78_6cca65bb7b2510730f8fbe9a9c89ff40", "Uin": 0, "StarFriend": 0, "Statues": 0}, {"UserName": "filehelper", "City": "", "DisplayName": "", "UniFriend": 0, "MemberList": [], "PYQuanPin": "wenjianchuanshuzhushou", "RemarkPYInitial": "", "Sex": 0, "AppAccountFlag": 0, "VerifyFlag": 0, "Province": "", "KeyWord": "fil", "RemarkName": "", "PYInitial": "WJCSZS", "IsOwner": 0, "ChatRoomId": 0, "HideInputBarFlag": 0, "EncryChatRoomId": "", "AttrStatus": 0, "SnsFlag": 0, "MemberCount": 0, "OwnerUin": 0, "Alias": "", "Signature": "", "ContactFlag": 3, "NickName": "\u6587\u4ef6\u4f20\u8f93\u52a9\u624b", "RemarkPYQuanPin": "", "HeadImgUrl": "/cgi-bin/mmwebwx-bin/webwxgeticon?seq=607580133&username=filehelper&skey=@crypt_35d4cc78_6cca65bb7b2510730f8fbe9a9c89ff40", "Uin": 0, "StarFriend": 0, "Statues": 0}, {"UserName": "@681456da750a7e414d55814e6637288621331ab3362ba31e8ee85c9b3e130614", "City": "\u6cb3\u6e90", "DisplayName": "", "UniFriend": 0, "MemberList": [], "PYQuanPin": "spanclassemojiemoji1f3b5spanaxiuluo", "RemarkPYInitial": "", "Sex": 1, "AppAccountFlag": 0, "VerifyFlag": 0, "Province": "\u5e7f\u4e1c", "KeyWord": "", "RemarkName": "", "PYInitial": "SPANCLASSEMOJIEMOJI1F3B5SPANAXL", "IsOwner": 0, "ChatRoomId": 0, "HideInputBarFlag": 0, "EncryChatRoomId": "", "AttrStatus": 4133, "SnsFlag": 1, "MemberCount": 0, "OwnerUin": 0, "Alias": "", "Signature": "", "ContactFlag": 1, "NickName": "<span class=\"emoji emoji1f3b5\"></span>   \u963f\u4fee\u7f57", "RemarkPYQuanPin": "", "HeadImgUrl": "/cgi-bin/mmwebwx-bin/webwxgeticon?seq=611250099&username=@681456da750a7e414d55814e6637288621331ab3362ba31e8ee85c9b3e130614&skey=@crypt_35d4cc78_6cca65bb7b2510730f8fbe9a9c89ff40", "Uin": 0, "StarFriend": 0, "Statues": 0}, {"UserName": "@d79c69bd01481f99612cd5c89630814997622d6de264333ea54da528214b046d", "City": "\u5409\u6797", "DisplayName": "", "UniFriend": 0, "MemberList": [], "PYQuanPin": "jinghunjifeng", "RemarkPYInitial": "", "Sex": 1, "AppAccountFlag": 0, "VerifyFlag": 0, "Province": "\u5409\u6797", "KeyWord": "", "RemarkName": "", "PYInitial": "JHJF", "IsOwner": 0, "ChatRoomId": 0, "HideInputBarFlag": 0, "EncryChatRoomId": "", "AttrStatus": 233573, "SnsFlag": 1, "MemberCount": 0, "OwnerUin": 0, "Alias": "", "Signature": "\u4ece\u4eca\u6539\u540d\u5929\u7b56\u536b", "ContactFlag": 1, "NickName": "\u7cbe\u9b42\u9701\u5c01", "RemarkPYQuanPin": "", "HeadImgUrl": "/cgi-bin/mmwebwx-bin/webwxgeticon?seq=611250533&username=@d79c69bd01481f99612cd5c89630814997622d6de264333ea54da528214b046d&skey=@crypt_35d4cc78_6cca65bb7b2510730f8fbe9a9c89ff40", "Uin": 0, "StarFriend": 0, "Statues": 0}, {"UserName": "@ae138b15608d13ebb1f022ecc0784088", "City": "\u5e7f\u5dde", "DisplayName": "", "UniFriend": 0, "MemberList": [], "PYQuanPin": "gongzhongpingtaiceshizhanghaojitong", "RemarkPYInitial": "", "Sex": 0, "AppAccountFlag": 0, "VerifyFlag": 8, "Province": "\u5e7f\u4e1c", "KeyWord": "gh_", "RemarkName": "", "PYInitial": "GZPTCSZHJT", "IsOwner": 0, "ChatRoomId": 0, "HideInputBarFlag": 0, "EncryChatRoomId": "", "AttrStatus": 0, "SnsFlag": 0, "MemberCount": 0, "OwnerUin": 0, "Alias": "", "Signature": "\u6d4b\u8bd5\u8d26\u53f7\u7cfb\u7edf", "ContactFlag": 3, "NickName": "\u516c\u4f17\u5e73\u53f0\u6d4b\u8bd5\u8d26\u53f7\u7cfb\u7edf", "RemarkPYQuanPin": "", "HeadImgUrl": "/cgi-bin/mmwebwx-bin/webwxgeticon?seq=611250591&username=@ae138b15608d13ebb1f022ecc0784088&skey=@crypt_35d4cc78_6cca65bb7b2510730f8fbe9a9c89ff40", "Uin": 0, "StarFriend": 0, "Statues": 0}, {"UserName": "@27a338c2beaccfe73acc9ff191685c1dd031d9e027068f177d9f067429c80833", "City": "\u6210\u90fd", "DisplayName": "", "UniFriend": 0, "MemberList": [], "PYQuanPin": "123", "RemarkPYInitial": "", "Sex": 1, "AppAccountFlag": 0, "VerifyFlag": 0, "Province": "\u56db\u5ddd", "KeyWord": "", "RemarkName": "", "PYInitial": "123", "IsOwner": 0, "ChatRoomId": 0, "HideInputBarFlag": 0, "EncryChatRoomId": "", "AttrStatus": 168741, "SnsFlag": 17, "MemberCount": 0, "OwnerUin": 0, "Alias": "", "Signature": "", "ContactFlag": 3, "NickName": "123", "RemarkPYQuanPin": "", "HeadImgUrl": "/cgi-bin/mmwebwx-bin/webwxgeticon?seq=611251757&username=@27a338c2beaccfe73acc9ff191685c1dd031d9e027068f177d9f067429c80833&skey=@crypt_35d4cc78_6cca65bb7b2510730f8fbe9a9c89ff40", "Uin": 0, "StarFriend": 0, "Statues": 0}, {"UserName": "@1b4630ee7ced63b2cdd034cf9a8dd43a", "City": "\u592a\u539f", "DisplayName": "", "UniFriend": 0, "MemberList": [], "PYQuanPin": "SKY", "RemarkPYInitial": "", "Sex": 1, "AppAccountFlag": 0, "VerifyFlag": 0, "Province": "\u5c71\u897f", "KeyWord": "xf1", "RemarkName": "", "PYInitial": "SKY", "IsOwner": 0, "ChatRoomId": 0, "HideInputBarFlag": 0, "EncryChatRoomId": "", "AttrStatus": 4135, "SnsFlag": 17, "MemberCount": 0, "OwnerUin": 0, "Alias": "", "Signature": "\u4e00\u82b1\u4e00\u4e16\u754c\n                  \u4e00\u5ff5\u4e00\u76f8\u601d", "ContactFlag": 3, "NickName": "SKY", "RemarkPYQuanPin": "", "HeadImgUrl": "/cgi-bin/mmwebwx-bin/webwxgeticon?seq=614800251&username=@1b4630ee7ced63b2cdd034cf9a8dd43a&skey=@crypt_35d4cc78_6cca65bb7b2510730f8fbe9a9c89ff40", "Uin": 0, "StarFriend": 0, "Statues": 0}, {"UserName": "weixin", "City": "", "DisplayName": "", "UniFriend": 0, "MemberList": [], "PYQuanPin": "weixintuandui", "RemarkPYInitial": "", "Sex": 0, "AppAccountFlag": 0, "VerifyFlag": 56, "Province": "", "KeyWord": "wei", "RemarkName": "", "PYInitial": "WXTD", "IsOwner": 0, "ChatRoomId": 0, "HideInputBarFlag": 0, "EncryChatRoomId": "", "AttrStatus": 4, "SnsFlag": 0, "MemberCount": 0, "OwnerUin": 0, "Alias": "", "Signature": "\u5fae\u4fe1\u56e2\u961f\u5b98\u65b9\u5e10\u53f7", "ContactFlag": 1, "NickName": "\u5fae\u4fe1\u56e2\u961f", "RemarkPYQuanPin": "", "HeadImgUrl": "/cgi-bin/mmwebwx-bin/webwxgeticon?seq=607580005&username=weixin&skey=@crypt_35d4cc78_6cca65bb7b2510730f8fbe9a9c89ff40", "Uin": 0, "StarFriend": 0, "Statues": 0}, {"UserName": "@5502933e6a87d25f5d67541c33b0c545a40812714ba1a3fc9f1d434f18d7e709", "City": "\u5357\u660c", "DisplayName": "", "UniFriend": 0, "MemberList": [], "PYQuanPin": "Wuganghuge", "RemarkPYInitial": "", "Sex": 1, "AppAccountFlag": 0, "VerifyFlag": 0, "Province": "\u6c5f\u897f", "KeyWord": "", "RemarkName": "", "PYInitial": "WUGANGHG", "IsOwner": 0, "ChatRoomId": 0, "HideInputBarFlag": 0, "EncryChatRoomId": "", "AttrStatus": 102439, "SnsFlag": 17, "MemberCount": 0, "OwnerUin": 0, "Alias": "", "Signature": "\u5feb\u4e50\u4eba\u751f\u3002", "ContactFlag": 3, "NickName": "Wugang\uff08\u864e\u54e5\uff09", "RemarkPYQuanPin": "", "HeadImgUrl": "/cgi-bin/mmwebwx-bin/webwxgeticon?seq=614800679&username=@5502933e6a87d25f5d67541c33b0c545a40812714ba1a3fc9f1d434f18d7e709&skey=@crypt_35d4cc78_6cca65bb7b2510730f8fbe9a9c89ff40", "Uin": 0, "StarFriend": 0, "Statues": 0}, {"UserName": "@3e1d921f6099da3a94bf70ccdb0c3902547a0b75549f8e1f6bc8a116ee1664d1", "City": "", "DisplayName": "", "UniFriend": 0, "MemberList": [], "PYQuanPin": "liujie", "RemarkPYInitial": "", "Sex": 1, "AppAccountFlag": 0, "VerifyFlag": 0, "Province": "\u6c5f\u897f", "KeyWord": "", "RemarkName": "", "PYInitial": "LJ", "IsOwner": 0, "ChatRoomId": 0, "HideInputBarFlag": 0, "EncryChatRoomId": "", "AttrStatus": 4133, "SnsFlag": 1, "MemberCount": 0, "OwnerUin": 0, "Alias": "", "Signature": "\u5fc3\u4e4b\u6240\u5411\uff0c\u65e0\u4eba\u53ef\u6321", "ContactFlag": 1, "NickName": "\u5218\u6770", "RemarkPYQuanPin": "", "HeadImgUrl": "/cgi-bin/mmwebwx-bin/webwxgeticon?seq=611250577&username=@3e1d921f6099da3a94bf70ccdb0c3902547a0b75549f8e1f6bc8a116ee1664d1&skey=@crypt_35d4cc78_6cca65bb7b2510730f8fbe9a9c89ff40", "Uin": 0, "StarFriend": 0, "Statues": 0}, {"UserName": "@50b9171621428df64ea030289c1e8fae", "City": "\u6df1\u5733", "DisplayName": "", "UniFriend": 0, "MemberList": [], "PYQuanPin": "aishiyidaoguang", "RemarkPYInitial": "LYH", "Sex": 1, "AppAccountFlag": 0, "VerifyFlag": 0, "Province": "\u5e7f\u4e1c", "KeyWord": "qut", "RemarkName": "\u6881\u6654\u6656", "PYInitial": "ASYDG", "IsOwner": 0, "ChatRoomId": 0, "HideInputBarFlag": 0, "EncryChatRoomId": "", "AttrStatus": 4135, "SnsFlag": 17, "MemberCount": 0, "OwnerUin": 0, "Alias": "", "Signature": "", "ContactFlag": 3, "NickName": "\u7231\u662f\u4e00\u9053\u5149", "RemarkPYQuanPin": "liangyehui", "HeadImgUrl": "/cgi-bin/mmwebwx-bin/webwxgeticon?seq=616290109&username=@50b9171621428df64ea030289c1e8fae&skey=@crypt_35d4cc78_6cca65bb7b2510730f8fbe9a9c89ff40", "Uin": 0, "StarFriend": 0, "Statues": 0}, {"UserName": "@5d89d7af3c18eb6f6d985682da30d7fbace2b21567c4ec87005711719d65e1ee", "City": "\u5357\u660c", "DisplayName": "", "UniFriend": 0, "MemberList": [], "PYQuanPin": "maomao", "RemarkPYInitial": "", "Sex": 1, "AppAccountFlag": 0, "VerifyFlag": 0, "Province": "\u6c5f\u897f", "KeyWord": "", "RemarkName": "", "PYInitial": "MM", "IsOwner": 0, "ChatRoomId": 0, "HideInputBarFlag": 0, "EncryChatRoomId": "", "AttrStatus": 16887845, "SnsFlag": 1, "MemberCount": 0, "OwnerUin": 0, "Alias": "", "Signature": "\u6bdb\u6bdb", "ContactFlag": 1, "NickName": "\u6bdb\u6bdb", "RemarkPYQuanPin": "", "HeadImgUrl": "/cgi-bin/mmwebwx-bin/webwxgeticon?seq=618410169&username=@5d89d7af3c18eb6f6d985682da30d7fbace2b21567c4ec87005711719d65e1ee&skey=@crypt_35d4cc78_6cca65bb7b2510730f8fbe9a9c89ff40", "Uin": 0, "StarFriend": 0, "Statues": 0}, {"UserName": "@09e9cd1a0ba41bb900eb0ecf23cd67876acbdd143d275f1638236b8891af9182", "City": "", "DisplayName": "", "UniFriend": 0, "MemberList": [], "PYQuanPin": "zhjr", "RemarkPYInitial": "", "Sex": 2, "AppAccountFlag": 0, "VerifyFlag": 0, "Province": "\u4e0a\u6d77", "KeyWord": "", "RemarkName": "", "PYInitial": "ZHJR", "IsOwner": 0, "ChatRoomId": 0, "HideInputBarFlag": 0, "EncryChatRoomId": "", "AttrStatus": 102909, "SnsFlag": 48, "MemberCount": 0, "OwnerUin": 0, "Alias": "", "Signature": "\u9756\u8339", "ContactFlag": 3, "NickName": "zhjr", "RemarkPYQuanPin": "", "HeadImgUrl": "/cgi-bin/mmwebwx-bin/webwxgeticon?seq=614800584&username=@09e9cd1a0ba41bb900eb0ecf23cd67876acbdd143d275f1638236b8891af9182&skey=@crypt_35d4cc78_6cca65bb7b2510730f8fbe9a9c89ff40", "Uin": 0, "StarFriend": 0, "Statues": 0}, {"UserName": "@e5c2fc366dd6d767e4e8a3915f0b4ca6", "City": "\u5e7f\u5dde", "DisplayName": "", "UniFriend": 0, "MemberList": [], "PYQuanPin": "weixinyundong", "RemarkPYInitial": "", "Sex": 0, "AppAccountFlag": 0, "VerifyFlag": 24, "Province": "\u5e7f\u4e1c", "KeyWord": "gh_", "RemarkName": "", "PYInitial": "WXYD", "IsOwner": 0, "ChatRoomId": 0, "HideInputBarFlag": 0, "EncryChatRoomId": "", "AttrStatus": 0, "SnsFlag": 0, "MemberCount": 0, "OwnerUin": 0, "Alias": "", "Signature": "\u4e5f\u8bb8\u4f60\u65e9\u5df2\u4e60\u60ef\u4e00\u4e2a\u4eba\u8fd0\u52a8\u7684\u5b64\u72ec\uff0c\u5374\u4e5f\u5076\u5c14\u6e34\u671b\u5f97\u5230\u8d5e\u8d4f\u3002\u52a0\u5165\u5fae\u4fe1\u8fd0\u52a8\uff0c\u548c\u670b\u53cb\u4e00\u8d77\u70b9\u8d5e\u4e92\u52a8\u3001\u62a2\u5360\u5c01\u9762\uff0c\u5206\u4eab\u8fd0\u52a8\u7684\u5feb\u4e50\u3002", "ContactFlag": 3, "NickName": "\u5fae\u4fe1\u8fd0\u52a8", "RemarkPYQuanPin": "", "HeadImgUrl": "/cgi-bin/mmwebwx-bin/webwxgeticon?seq=620380382&username=@e5c2fc366dd6d767e4e8a3915f0b4ca6&skey=@crypt_35d4cc78_6cca65bb7b2510730f8fbe9a9c89ff40", "Uin": 0, "StarFriend": 0, "Statues": 0}, {"UserName": "@ac2671ac5e4b5b1da9f2f761273db5f4", "City": "\u666e\u9640", "DisplayName": "", "UniFriend": 0, "MemberList": [], "PYQuanPin": "Panli", "RemarkPYInitial": "", "Sex": 0, "AppAccountFlag": 0, "VerifyFlag": 24, "Province": "\u4e0a\u6d77", "KeyWord": "gh_", "RemarkName": "", "PYInitial": "PANLI", "IsOwner": 0, "ChatRoomId": 0, "HideInputBarFlag": 0, "EncryChatRoomId": "", "AttrStatus": 0, "SnsFlag": 0, "MemberCount": 0, "OwnerUin": 0, "Alias": "", "Signature": "\u4eba\u5728\u6d77\u5916\uff0c\u8db3\u4e0d\u51fa\u6237\uff0c\u4e70\u904d\u4e2d\u56fd\uff0c\u5c3d\u5728Panli.com\u3002 \u5173\u6ce8Panli\u4ee3\u8d2d\u5b98\u65b9\u5fae\u4fe1\uff0c\u6d3b\u52a8\u4f18\u60e0\u62a2\u5148\u77e5\u3002", "ContactFlag": 3, "NickName": "Panli", "RemarkPYQuanPin": "", "HeadImgUrl": "/cgi-bin/mmwebwx-bin/webwxgeticon?seq=623440012&username=@ac2671ac5e4b5b1da9f2f761273db5f4&skey=@crypt_35d4cc78_6cca65bb7b2510730f8fbe9a9c89ff40", "Uin": 0, "StarFriend": 0, "Statues": 0}, {"UserName": "@a2367c0b70fdc38d4a89587905b32bb35d21b0b2a3a068a14317b8d12df986de", "City": "", "DisplayName": "", "UniFriend": 0, "MemberList": [], "PYQuanPin": "shendaoren", "RemarkPYInitial": "", "Sex": 0, "AppAccountFlag": 0, "VerifyFlag": 0, "Province": "", "KeyWord": "", "RemarkName": "", "PYInitial": "SDR", "IsOwner": 0, "ChatRoomId": 0, "HideInputBarFlag": 0, "EncryChatRoomId": "", "AttrStatus": 4133, "SnsFlag": 1, "MemberCount": 0, "OwnerUin": 0, "Alias": "", "Signature": "\u4eba\u751f\u5728\u4e8e\u662f\u5426\u6709\u8ffd\u6c42\uff0c\u662f\u5426\u6709\u4ef7\u503c\u3002\u4e3a\u4e86\u90a3\u5565\uff0c\u5e0c\u671b\u6211\u4eec\u90fd\u4f1a\u6210\u529f\u3002", "ContactFlag": 3, "NickName": "\u795e\u53e8\u4eba", "RemarkPYQuanPin": "", "HeadImgUrl": "/cgi-bin/mmwebwx-bin/webwxgeticon?seq=623440029&username=@a2367c0b70fdc38d4a89587905b32bb35d21b0b2a3a068a14317b8d12df986de&skey=@crypt_35d4cc78_6cca65bb7b2510730f8fbe9a9c89ff40", "Uin": 0, "StarFriend": 0, "Statues": 0}, {"UserName": "@8f24d3ea8e8aed67c63357b29816da39b5426601a9ef3e4bdd026262f6104e7f", "City": "\u8d63\u5dde", "DisplayName": "", "UniFriend": 0, "MemberList": [], "PYQuanPin": "jujiangjiuzuoge", "RemarkPYInitial": "", "Sex": 1, "AppAccountFlag": 0, "VerifyFlag": 0, "Province": "\u6c5f\u897f", "KeyWord": "", "RemarkName": "", "PYInitial": "JJJZG", "IsOwner": 0, "ChatRoomId": 0, "HideInputBarFlag": 0, "EncryChatRoomId": "", "AttrStatus": 4197, "SnsFlag": 1, "MemberCount": 0, "OwnerUin": 0, "Alias": "", "Signature": "\u96c4\u5173\u6f2b\u9053\u771f\u5982\u94c1\uff0c\u800c\u4eca\u8fc8\u6b65\u4ece\u5934\u8d8a", "ContactFlag": 3, "NickName": "\u4e14\u5c06\u9152\u4f5c\u6b4c", "RemarkPYQuanPin": "", "HeadImgUrl": "/cgi-bin/mmwebwx-bin/webwxgeticon?seq=623440378&username=@8f24d3ea8e8aed67c63357b29816da39b5426601a9ef3e4bdd026262f6104e7f&skey=@crypt_35d4cc78_6cca65bb7b2510730f8fbe9a9c89ff40", "Uin": 0, "StarFriend": 0, "Statues": 0}, {"UserName": "@5eff63aa219d640941623b358d56903d", "City": "\u4e50\u5c71", "DisplayName": "", "UniFriend": 0, "MemberList": [], "PYQuanPin": "H77", "RemarkPYInitial": "", "Sex": 1, "AppAccountFlag": 0, "VerifyFlag": 0, "Province": "\u56db\u5ddd", "KeyWord": "QWs", "RemarkName": "", "PYInitial": "H77", "IsOwner": 0, "ChatRoomId": 0, "HideInputBarFlag": 0, "EncryChatRoomId": "", "AttrStatus": 37875815, "SnsFlag": 17, "MemberCount": 0, "OwnerUin": 0, "Alias": "", "Signature": "", "ContactFlag": 3, "NickName": "H77", "RemarkPYQuanPin": "", "HeadImgUrl": "/cgi-bin/mmwebwx-bin/webwxgeticon?seq=623440523&username=@5eff63aa219d640941623b358d56903d&skey=@crypt_35d4cc78_6cca65bb7b2510730f8fbe9a9c89ff40", "Uin": 0, "StarFriend": 0, "Statues": 0}, {"UserName": "@fc025c6a85a93ee9109ecb1cd73b2d7f9f5b3a33f828099900dd7e88c2840301", "City": "\u53a6\u95e8", "DisplayName": "", "UniFriend": 0, "MemberList": [], "PYQuanPin": "MEI", "RemarkPYInitial": "", "Sex": 1, "AppAccountFlag": 0, "VerifyFlag": 0, "Province": "\u798f\u5efa", "KeyWord": "", "RemarkName": "", "PYInitial": "MEI", "IsOwner": 0, "ChatRoomId": 0, "HideInputBarFlag": 0, "EncryChatRoomId": "", "AttrStatus": 102437, "SnsFlag": 17, "MemberCount": 0, "OwnerUin": 0, "Alias": "", "Signature": "\u68a6\u6709\u591a\u8fdc\uff0c\u6211\u5c31\u80fd\u98de\u591a\u8fdc\uff01", "ContactFlag": 3, "NickName": "MEI", "RemarkPYQuanPin": "", "HeadImgUrl": "/cgi-bin/mmwebwx-bin/webwxgeticon?seq=623440549&username=@fc025c6a85a93ee9109ecb1cd73b2d7f9f5b3a33f828099900dd7e88c2840301&skey=@crypt_35d4cc78_6cca65bb7b2510730f8fbe9a9c89ff40", "Uin": 0, "StarFriend": 0, "Statues": 0}, {"UserName": "@a2ed0ccba2d9b53b351f228835d5f6895f2f801791ecde1751f1813c9464ff0b", "City": "\u7709\u5c71", "DisplayName": "", "UniFriend": 0, "MemberList": [], "PYQuanPin": "jinchibohai", "RemarkPYInitial": "", "Sex": 1, "AppAccountFlag": 0, "VerifyFlag": 0, "Province": "\u56db\u5ddd", "KeyWord": "", "RemarkName": "", "PYInitial": "JCBH", "IsOwner": 0, "ChatRoomId": 0, "HideInputBarFlag": 0, "EncryChatRoomId": "", "AttrStatus": 36919, "SnsFlag": 17, "MemberCount": 0, "OwnerUin": 0, "Alias": "", "Signature": "\u7f18\u6765\u7f18\u53bb", "ContactFlag": 3, "NickName": "\u91d1\u7fc5\u64d8\u6d77", "RemarkPYQuanPin": "", "HeadImgUrl": "/cgi-bin/mmwebwx-bin/webwxgeticon?seq=607580418&username=@a2ed0ccba2d9b53b351f228835d5f6895f2f801791ecde1751f1813c9464ff0b&skey=@crypt_35d4cc78_6cca65bb7b2510730f8fbe9a9c89ff40", "Uin": 0, "StarFriend": 0, "Statues": 0}, {"UserName": "@c1441685a97b4e0dd9d04c14a520b47b1b4344ace96a57a28bd8846d82917aaf", "City": "\u5eca\u574a", "DisplayName": "", "UniFriend": 0, "MemberList": [], "PYQuanPin": "yishengyouni", "RemarkPYInitial": "", "Sex": 1, "AppAccountFlag": 0, "VerifyFlag": 0, "Province": "\u6cb3\u5317", "KeyWord": "", "RemarkName": "", "PYInitial": "YSYN", "IsOwner": 0, "ChatRoomId": 0, "HideInputBarFlag": 0, "EncryChatRoomId": "", "AttrStatus": 4133, "SnsFlag": 1, "MemberCount": 0, "OwnerUin": 0, "Alias": "", "Signature": "", "ContactFlag": 3, "NickName": "\u4e00\u751f\u6709\u4f60", "RemarkPYQuanPin": "", "HeadImgUrl": "/cgi-bin/mmwebwx-bin/webwxgeticon?seq=611252260&username=@c1441685a97b4e0dd9d04c14a520b47b1b4344ace96a57a28bd8846d82917aaf&skey=@crypt_35d4cc78_6cca65bb7b2510730f8fbe9a9c89ff40", "Uin": 0, "StarFriend": 0, "Statues": 0}, {"UserName": "@0622dd643fe835608b9e50b2ec23e6e88960a94e2775e685238a96075dc896f7", "City": "\u8d63\u5dde", "DisplayName": "", "UniFriend": 0, "MemberList": [], "PYQuanPin": "beichengyibeiyiduolishang", "RemarkPYInitial": "", "Sex": 1, "AppAccountFlag": 0, "VerifyFlag": 0, "Province": "\u6c5f\u897f", "KeyWord": "", "RemarkName": "", "PYInitial": "BCYBYDLS", "IsOwner": 0, "ChatRoomId": 0, "HideInputBarFlag": 0, "EncryChatRoomId": "", "AttrStatus": 16941157, "SnsFlag": 17, "MemberCount": 0, "OwnerUin": 0, "Alias": "", "Signature": "\u3002\u3002\u3002\u3002", "ContactFlag": 3, "NickName": "\u3043\u5317\u57ce\u4ee5\u5317\uff0c\u4e00\u6735\u79bb\u6b87\u309b", "RemarkPYQuanPin": "", "HeadImgUrl": "/cgi-bin/mmwebwx-bin/webwxgeticon?seq=623440704&username=@0622dd643fe835608b9e50b2ec23e6e88960a94e2775e685238a96075dc896f7&skey=@crypt_35d4cc78_6cca65bb7b2510730f8fbe9a9c89ff40", "Uin": 0, "StarFriend": 0, "Statues": 0}, {"UserName": "@de09634d3963a3765ad85213b786c69659be0bbf8914c147101271f0ab9ea2e5", "City": "\u5357\u5145", "DisplayName": "", "UniFriend": 0, "MemberList": [], "PYQuanPin": "o", "RemarkPYInitial": "", "Sex": 1, "AppAccountFlag": 0, "VerifyFlag": 0, "Province": "\u56db\u5ddd", "KeyWord": "", "RemarkName": "", "PYInitial": "O", "IsOwner": 0, "ChatRoomId": 0, "HideInputBarFlag": 0, "EncryChatRoomId": "", "AttrStatus": 4197, "SnsFlag": 17, "MemberCount": 0, "OwnerUin": 0, "Alias": "", "Signature": "", "ContactFlag": 3, "NickName": "\u2026\u2026^o^\u2026\u2026", "RemarkPYQuanPin": "", "HeadImgUrl": "/cgi-bin/mmwebwx-bin/webwxgeticon?seq=623440939&username=@de09634d3963a3765ad85213b786c69659be0bbf8914c147101271f0ab9ea2e5&skey=@crypt_35d4cc78_6cca65bb7b2510730f8fbe9a9c89ff40", "Uin": 0, "StarFriend": 0, "Statues": 0}, {"UserName": "@4b46d22b161fe2d1cf9d07d378dc1f45bcddc0166df85c4d71df90ec4b1af332", "City": "\u6df1\u5733", "DisplayName": "", "UniFriend": 0, "MemberList": [], "PYQuanPin": "JeffQue", "RemarkPYInitial": "QJF", "Sex": 1, "AppAccountFlag": 0, "VerifyFlag": 0, "Province": "\u5e7f\u4e1c", "KeyWord": "", "RemarkName": "\u9619\u91d1\u5cf0", "PYInitial": "JEFFQUE", "IsOwner": 0, "ChatRoomId": 0, "HideInputBarFlag": 0, "EncryChatRoomId": "", "AttrStatus": 102501, "SnsFlag": 1, "MemberCount": 0, "OwnerUin": 0, "Alias": "", "Signature": "", "ContactFlag": 1, "NickName": "Jeff  Que", "RemarkPYQuanPin": "quejinfeng", "HeadImgUrl": "/cgi-bin/mmwebwx-bin/webwxgeticon?seq=616290222&username=@4b46d22b161fe2d1cf9d07d378dc1f45bcddc0166df85c4d71df90ec4b1af332&skey=@crypt_35d4cc78_6cca65bb7b2510730f8fbe9a9c89ff40", "Uin": 0, "StarFriend": 0, "Statues": 0}, {"UserName": "@7bbe6d73b105863e6d635a46f9b7626e", "City": "\u5b81\u6ce2", "DisplayName": "", "UniFriend": 0, "MemberList": [], "PYQuanPin": "HI", "RemarkPYInitial": "", "Sex": 1, "AppAccountFlag": 0, "VerifyFlag": 0, "Province": "\u6d59\u6c5f", "KeyWord": "rua", "RemarkName": "", "PYInitial": "HI", "IsOwner": 0, "ChatRoomId": 0, "HideInputBarFlag": 0, "EncryChatRoomId": "", "AttrStatus": 111207, "SnsFlag": 49, "MemberCount": 0, "OwnerUin": 0, "Alias": "", "Signature": "", "ContactFlag": 1, "NickName": "HI", "RemarkPYQuanPin": "", "HeadImgUrl": "/cgi-bin/mmwebwx-bin/webwxgeticon?seq=623441465&username=@7bbe6d73b105863e6d635a46f9b7626e&skey=@crypt_35d4cc78_6cca65bb7b2510730f8fbe9a9c89ff40", "Uin": 0, "StarFriend": 0, "Statues": 0}, {"UserName": "@742ebcabfc07c7a251c5fce11f5ed949b27d710a27f0438341657205d171522c", "City": "\u9f99\u5ca9", "DisplayName": "", "UniFriend": 0, "MemberList": [], "PYQuanPin": "spanclassemojiemoji1f338spanspanclassemojiemoji1f338span", "RemarkPYInitial": "", "Sex": 2, "AppAccountFlag": 0, "VerifyFlag": 0, "Province": "\u798f\u5efa", "KeyWord": "", "RemarkName": "", "PYInitial": "SPANCLASSEMOJIEMOJI1F338SPANSPANCLASSEMOJIEMOJI1F338SPAN", "IsOwner": 0, "ChatRoomId": 0, "HideInputBarFlag": 0, "EncryChatRoomId": "", "AttrStatus": 102501, "SnsFlag": 17, "MemberCount": 0, "OwnerUin": 0, "Alias": "", "Signature": "\u5927\u90e8\u5206\u7684\u4e0d\u6210\u529f\uff0c\u6765\u81ea\u4e8e\u81ea\u5df1\u6240\u8c13\u7684\u72b9\u8c6b\uff0c\u52a0\u6cb9", "ContactFlag": 1, "NickName": "<span class=\"emoji emoji1f338\"></span> <span class=\"emoji emoji1f338\"></span>", "RemarkPYQuanPin": "", "HeadImgUrl": "/cgi-bin/mmwebwx-bin/webwxgeticon?seq=623441459&username=@742ebcabfc07c7a251c5fce11f5ed949b27d710a27f0438341657205d171522c&skey=@crypt_35d4cc78_6cca65bb7b2510730f8fbe9a9c89ff40", "Uin": 0, "StarFriend": 0, "Statues": 0}, {"UserName": "@cb25e0a1eb8599d9719e95d05bea6e08", "City": "\u957f\u6c99", "DisplayName": "", "UniFriend": 0, "MemberList": [], "PYQuanPin": "Youngzhuo", "RemarkPYInitial": "", "Sex": 1, "AppAccountFlag": 0, "VerifyFlag": 0, "Province": "\u6e56\u5357", "KeyWord": "cyz", "RemarkName": "", "PYInitial": "YOUNGZ", "IsOwner": 0, "ChatRoomId": 0, "HideInputBarFlag": 0, "EncryChatRoomId": "", "AttrStatus": 102527, "SnsFlag": 17, "MemberCount": 0, "OwnerUin": 0, "Alias": "", "Signature": "\u751f\u6d3b\u9700\u8981\u4e50\u89c2 \u79ef\u6781 \u5411\u4e0a \u624d\u6709\u8d28\u91cf \u9ad8\u5ea6 \u548c \u54c1\u4f4d", "ContactFlag": 3, "NickName": "Young  \u5353\u2018", "RemarkPYQuanPin": "", "HeadImgUrl": "/cgi-bin/mmwebwx-bin/webwxgeticon?seq=623441615&username=@cb25e0a1eb8599d9719e95d05bea6e08&skey=@crypt_35d4cc78_6cca65bb7b2510730f8fbe9a9c89ff40", "Uin": 0, "StarFriend": 0, "Statues": 0}, {"UserName": "@fd91646bf7f1b80ab67e280689731587ca214fe9efb8e6146dfd434192b89f66", "City": "\u6df1\u5733", "DisplayName": "", "UniFriend": 0, "MemberList": [], "PYQuanPin": "FlyJiang", "RemarkPYInitial": "JF", "Sex": 1, "AppAccountFlag": 0, "VerifyFlag": 0, "Province": "\u5e7f\u4e1c", "KeyWord": "", "RemarkName": "\u6c5f\u70fd", "PYInitial": "FLYJIANG", "IsOwner": 0, "ChatRoomId": 0, "HideInputBarFlag": 0, "EncryChatRoomId": "", "AttrStatus": 4231269, "SnsFlag": 17, "MemberCount": 0, "OwnerUin": 0, "Alias": "", "Signature": "I've done all I could, so that I could be with you.", "ContactFlag": 1, "NickName": "Fly Jiang", "RemarkPYQuanPin": "jiangfeng", "HeadImgUrl": "/cgi-bin/mmwebwx-bin/webwxgeticon?seq=607580872&username=@fd91646bf7f1b80ab67e280689731587ca214fe9efb8e6146dfd434192b89f66&skey=@crypt_35d4cc78_6cca65bb7b2510730f8fbe9a9c89ff40", "Uin": 0, "StarFriend": 0, "Statues": 0}, {"UserName": "@f0cbf834902d117ec1f6225c17c54dc98ef1191eb48cb5cba2a5003355dc31ae", "City": "\u5927\u5802\u533a", "DisplayName": "", "UniFriend": 0, "MemberList": [], "PYQuanPin": "yangjian", "RemarkPYInitial": "", "Sex": 1, "AppAccountFlag": 0, "VerifyFlag": 0, "Province": "\u6fb3\u95e8", "KeyWord": "", "RemarkName": "", "PYInitial": "YJ", "IsOwner": 0, "ChatRoomId": 0, "HideInputBarFlag": 0, "EncryChatRoomId": "", "AttrStatus": 100389, "SnsFlag": 49, "MemberCount": 0, "OwnerUin": 0, "Alias": "", "Signature": "\u65f6\u95f4\u4e0d\u4e00\u5b9a\u80fd\u8bc1\u660e\u5f88\u591a\u4e1c\u897f\uff0c\u4f46\u4e00\u5b9a\u80fd\u900f\u9732\u5f88\u591a\u4e1c\u897f...", "ContactFlag": 3, "NickName": "\u6768\u5065", "RemarkPYQuanPin": "", "HeadImgUrl": "/cgi-bin/mmwebwx-bin/webwxgeticon?seq=623440931&username=@f0cbf834902d117ec1f6225c17c54dc98ef1191eb48cb5cba2a5003355dc31ae&skey=@crypt_35d4cc78_6cca65bb7b2510730f8fbe9a9c89ff40", "Uin": 0, "StarFriend": 0, "Statues": 0}, {"UserName": "@c11cdc6086e70acf892319369dd3c450fda5644b641b92ef7e9b82a0aecc19c5", "City": "\u5e7f\u5dde", "DisplayName": "", "UniFriend": 0, "MemberList": [], "PYQuanPin": "linziling", "RemarkPYInitial": "", "Sex": 2, "AppAccountFlag": 0, "VerifyFlag": 0, "Province": "\u5e7f\u4e1c", "KeyWord": "", "RemarkName": "", "PYInitial": "LZL", "IsOwner": 0, "ChatRoomId": 0, "HideInputBarFlag": 0, "EncryChatRoomId": "", "AttrStatus": 4296765, "SnsFlag": 17, "MemberCount": 0, "OwnerUin": 0, "Alias": "", "Signature": "Lights will guide you home.", "ContactFlag": 3, "NickName": "\u6797 \u5b50\u94c3", "RemarkPYQuanPin": "", "HeadImgUrl": "/cgi-bin/mmwebwx-bin/webwxgeticon?seq=623441467&username=@c11cdc6086e70acf892319369dd3c450fda5644b641b92ef7e9b82a0aecc19c5&skey=@crypt_35d4cc78_6cca65bb7b2510730f8fbe9a9c89ff40", "Uin": 0, "StarFriend": 0, "Statues": 0}, {"UserName": "@8902159231e7b941dc0f42709071eade7a38ebcfd373a3b157580cb87631cb58", "City": "\u5357\u660c", "DisplayName": "", "UniFriend": 0, "MemberList": [], "PYQuanPin": "moresuihua", "RemarkPYInitial": "", "Sex": 2, "AppAccountFlag": 0, "VerifyFlag": 0, "Province": "\u6c5f\u897f", "KeyWord": "", "RemarkName": "", "PYInitial": "MRSH", "IsOwner": 0, "ChatRoomId": 0, "HideInputBarFlag": 0, "EncryChatRoomId": "", "AttrStatus": 4297725, "SnsFlag": 1, "MemberCount": 0, "OwnerUin": 0, "Alias": "", "Signature": "\u575a\u6301\u6700\u521d\u7684\u68a6\u60f3\uff0c\u575a\u6301\u6700\u521d\u7684\u81ea\u5df1", "ContactFlag": 3, "NickName": "\u83ab\u82e5\u968f\u83ef", "RemarkPYQuanPin": "", "HeadImgUrl": "/cgi-bin/mmwebwx-bin/webwxgeticon?seq=626900180&username=@8902159231e7b941dc0f42709071eade7a38ebcfd373a3b157580cb87631cb58&skey=@crypt_35d4cc78_6cca65bb7b2510730f8fbe9a9c89ff40", "Uin": 0, "StarFriend": 0, "Statues": 0}, {"UserName": "@7992dc231ce74aaed0d30e5655d046a7b6617f445f294ee54d0ca2ee196ab670", "City": "", "DisplayName": "", "UniFriend": 0, "MemberList": [], "PYQuanPin": "lianggexiaowanzideba", "RemarkPYInitial": "", "Sex": 1, "AppAccountFlag": 0, "VerifyFlag": 0, "Province": "Vorarlberg", "KeyWord": "zha", "RemarkName": "", "PYInitial": "LGXWZDB", "IsOwner": 0, "ChatRoomId": 0, "HideInputBarFlag": 0, "EncryChatRoomId": "", "AttrStatus": 33658919, "SnsFlag": 17, "MemberCount": 0, "OwnerUin": 0, "Alias": "", "Signature": "11\u67087\u65e5\u81f312\u67082\u65e5\u671f\u95f4\u53bb\u5fb7\u56fd\u5b66\u4e60\uff0c\u624b\u673a\u6682\u65f6\u505c\u7528\uff0c\u5982\u6709\u4e8b\u8bf7\u7559\u8a00\uff0c", "ContactFlag": 3, "NickName": "\u4e24\u4e2a\u5c0f\u4e38\u5b50\u7684\u7238", "RemarkPYQuanPin": "", "HeadImgUrl": "/cgi-bin/mmwebwx-bin/webwxgeticon?seq=626900211&username=@7992dc231ce74aaed0d30e5655d046a7b6617f445f294ee54d0ca2ee196ab670&skey=@crypt_35d4cc78_6cca65bb7b2510730f8fbe9a9c89ff40", "Uin": 0, "StarFriend": 0, "Statues": 0}, {"UserName": "@c6a371d3cc5efad9422d3fb0580c53b686f25d099d4870aefc70a666eafe6815", "City": "", "DisplayName": "", "UniFriend": 0, "MemberList": [], "PYQuanPin": "duochidianer", "RemarkPYInitial": "", "Sex": 0, "AppAccountFlag": 0, "VerifyFlag": 0, "Province": "", "KeyWord": "", "RemarkName": "", "PYInitial": "DCDE", "IsOwner": 0, "ChatRoomId": 0, "HideInputBarFlag": 0, "EncryChatRoomId": "", "AttrStatus": 4133, "SnsFlag": 1, "MemberCount": 0, "OwnerUin": 0, "Alias": "", "Signature": "", "ContactFlag": 3, "NickName": "\u591a\u5403\u70b9\u513f", "RemarkPYQuanPin": "", "HeadImgUrl": "/cgi-bin/mmwebwx-bin/webwxgeticon?seq=626900379&username=@c6a371d3cc5efad9422d3fb0580c53b686f25d099d4870aefc70a666eafe6815&skey=@crypt_35d4cc78_6cca65bb7b2510730f8fbe9a9c89ff40", "Uin": 0, "StarFriend": 0, "Statues": 0}, {"UserName": "@@c1a2ef946ce67b8387370f0551f4834b3e6f8d61f2887a87bc6e501ee5e683e8", "City": "", "DisplayName": "", "UniFriend": 0, "MemberList": [], "PYQuanPin": "jiarenqun", "RemarkPYInitial": "", "Sex": 0, "AppAccountFlag": 0, "VerifyFlag": 0, "Province": "", "KeyWord": "", "RemarkName": "", "PYInitial": "JRQ", "IsOwner": 0, "ChatRoomId": 0, "HideInputBarFlag": 0, "EncryChatRoomId": "", "AttrStatus": 0, "SnsFlag": 0, "MemberCount": 0, "OwnerUin": 0, "Alias": "", "Signature": "", "ContactFlag": 3, "NickName": "\u5bb6\u4eba\u7fa4", "RemarkPYQuanPin": "", "HeadImgUrl": "/cgi-bin/mmwebwx-bin/webwxgetheadimg?seq=626900532&username=@@c1a2ef946ce67b8387370f0551f4834b3e6f8d61f2887a87bc6e501ee5e683e8&skey=@crypt_35d4cc78_6cca65bb7b2510730f8fbe9a9c89ff40", "Uin": 0, "StarFriend": 0, "Statues": 0}, {"UserName": "@31e29953e3d881002a0f57b44656ab05", "City": "\u65b0\u4f59", "DisplayName": "", "UniFriend": 0, "MemberList": [], "PYQuanPin": "xinyushanshuishenghuo", "RemarkPYInitial": "", "Sex": 0, "AppAccountFlag": 0, "VerifyFlag": 24, "Province": "\u6c5f\u897f", "KeyWord": "gh_", "RemarkName": "", "PYInitial": "XYSSSH", "IsOwner": 0, "ChatRoomId": 0, "HideInputBarFlag": 0, "EncryChatRoomId": "", "AttrStatus": 0, "SnsFlag": 0, "MemberCount": 0, "OwnerUin": 0, "Alias": "", "Signature": "\u65b0\u4f59\u4eba\u81ea\u5df1\u7684\u672c\u5730\u8d2d\u7269\u5e73\u53f0\uff0c\u5403\u559d\u73a9\u4e50\u5c3d\u5728\u65b0\u4f59\u5c71\u6c34\u751f\u6d3b\u3002", "ContactFlag": 3, "NickName": "\u65b0\u4f59\u5c71\u6c34\u751f\u6d3b", "RemarkPYQuanPin": "", "HeadImgUrl": "/cgi-bin/mmwebwx-bin/webwxgeticon?seq=626900717&username=@31e29953e3d881002a0f57b44656ab05&skey=@crypt_35d4cc78_6cca65bb7b2510730f8fbe9a9c89ff40", "Uin": 0, "StarFriend": 0, "Statues": 0}, {"UserName": "@114e565e264282066ff96b91d306788e148f70c69551bb796914030058b95d22", "City": "", "DisplayName": "", "UniFriend": 0, "MemberList": [], "PYQuanPin": "yunshanghua", "RemarkPYInitial": "", "Sex": 0, "AppAccountFlag": 0, "VerifyFlag": 0, "Province": "", "KeyWord": "", "RemarkName": "", "PYInitial": "YSH", "IsOwner": 0, "ChatRoomId": 0, "HideInputBarFlag": 0, "EncryChatRoomId": "", "AttrStatus": 4133, "SnsFlag": 1, "MemberCount": 0, "OwnerUin": 0, "Alias": "", "Signature": "", "ContactFlag": 3, "NickName": "\u4e91\u4e0a\u82b1", "RemarkPYQuanPin": "", "HeadImgUrl": "/cgi-bin/mmwebwx-bin/webwxgeticon?seq=626901117&username=@114e565e264282066ff96b91d306788e148f70c69551bb796914030058b95d22&skey=@crypt_35d4cc78_6cca65bb7b2510730f8fbe9a9c89ff40", "Uin": 0, "StarFriend": 0, "Statues": 0}, {"UserName": "@39288c57208895994001be6bad12fd39ca17ba37bc5be57e6e46576ecee69eda", "City": "", "DisplayName": "", "UniFriend": 0, "MemberList": [], "PYQuanPin": "mopo", "RemarkPYInitial": "", "Sex": 1, "AppAccountFlag": 0, "VerifyFlag": 0, "Province": "", "KeyWord": "", "RemarkName": "", "PYInitial": "MP", "IsOwner": 0, "ChatRoomId": 0, "HideInputBarFlag": 0, "EncryChatRoomId": "", "AttrStatus": 16879717, "SnsFlag": 1, "MemberCount": 0, "OwnerUin": 0, "Alias": "", "Signature": "\u5e78\u798f\uff0c\u6c38\u8fdc\u4f1a\u7ee7\u7eed\u4e0b\u53bb\uff0c\u6211\u4f1a\u5b88\u62a4\u597d\u5b83\uff0c\u5b88\u62a4\u597d\u4f60<span class=\"emoji emoji1f33f\"></span>", "ContactFlag": 3, "NickName": "\u58a8\u2019\u7834", "RemarkPYQuanPin": "", "HeadImgUrl": "/cgi-bin/mmwebwx-bin/webwxgeticon?seq=618410060&username=@39288c57208895994001be6bad12fd39ca17ba37bc5be57e6e46576ecee69eda&skey=@crypt_35d4cc78_6cca65bb7b2510730f8fbe9a9c89ff40", "Uin": 0, "StarFriend": 0, "Statues": 0}, {"UserName": "@@2fb935613739c219ca33c737da4446787d94cd4c4a8af88c41d4321e6827521c", "City": "", "DisplayName": "", "UniFriend": 0, "MemberList": [], "PYQuanPin": "weixinjiqirenceshi", "RemarkPYInitial": "", "Sex": 0, "AppAccountFlag": 0, "VerifyFlag": 0, "Province": "", "KeyWord": "", "RemarkName": "", "PYInitial": "WXJQRCS", "IsOwner": 0, "ChatRoomId": 0, "HideInputBarFlag": 0, "EncryChatRoomId": "", "AttrStatus": 0, "SnsFlag": 0, "MemberCount": 0, "OwnerUin": 0, "Alias": "", "Signature": "", "ContactFlag": 3, "NickName": "\u5fae\u4fe1\u673a\u5668\u4eba\u6d4b\u8bd5", "RemarkPYQuanPin": "", "HeadImgUrl": "/cgi-bin/mmwebwx-bin/webwxgetheadimg?seq=626901306&username=@@2fb935613739c219ca33c737da4446787d94cd4c4a8af88c41d4321e6827521c&skey=@crypt_35d4cc78_6cca65bb7b2510730f8fbe9a9c89ff40", "Uin": 0, "StarFriend": 0, "Statues": 0}], "Seq": 0, "BaseResponse": {"ErrMsg": "", "Ret": 0}}]