[{"UserName": "@@c1a2ef946ce67b8387370f0551f4834b3e6f8d61f2887a87bc6e501ee5e683e8", "City": "", "DisplayName": "", "UniFriend": 0, "MemberList": [], "PYQuanPin": "jiarenqun", "RemarkPYInitial": "", "Sex": 0, "AppAccountFlag": 0, "VerifyFlag": 0, "Province": "", "KeyWord": "", "RemarkName": "", "PYInitial": "JRQ", "IsOwner": 0, "ChatRoomId": 0, "HideInputBarFlag": 0, "EncryChatRoomId": "", "AttrStatus": 0, "SnsFlag": 0, "MemberCount": 0, "OwnerUin": 0, "Alias": "", "Signature": "", "ContactFlag": 3, "NickName": "\u5bb6\u4eba\u7fa4", "RemarkPYQuanPin": "", "HeadImgUrl": "/cgi-bin/mmwebwx-bin/webwxgetheadimg?seq=626900532&username=@@c1a2ef946ce67b8387370f0551f4834b3e6f8d61f2887a87bc6e501ee5e683e8&skey=@crypt_35d4cc78_6cca65bb7b2510730f8fbe9a9c89ff40", "Uin": 0, "StarFriend": 0, "Statues": 0}, {"UserName": "@@2fb935613739c219ca33c737da4446787d94cd4c4a8af88c41d4321e6827521c", "City": "", "DisplayName": "", "UniFriend": 0, "MemberList": [], "PYQuanPin": "weixinjiqirenceshi", "RemarkPYInitial": "", "Sex": 0, "AppAccountFlag": 0, "VerifyFlag": 0, "Province": "", "KeyWord": "", "RemarkName": "", "PYInitial": "WXJQRCS", "IsOwner": 0, "ChatRoomId": 0, "HideInputBarFlag": 0, "EncryChatRoomId": "", "AttrStatus": 0, "SnsFlag": 0, "MemberCount": 0, "OwnerUin": 0, "Alias": "", "Signature": "", "ContactFlag": 3, "NickName": "\u5fae\u4fe1\u673a\u5668\u4eba\u6d4b\u8bd5", "RemarkPYQuanPin": "", "HeadImgUrl": "/cgi-bin/mmwebwx-bin/webwxgetheadimg?seq=626901306&username=@@2fb935613739c219ca33c737da4446787d94cd4c4a8af88c41d4321e6827521c&skey=@crypt_35d4cc78_6cca65bb7b2510730f8fbe9a9c89ff40", "Uin": 0, "StarFriend": 0, "Statues": 0}]