{"@@2fb935613739c219ca33c737da4446787d94cd4c4a8af88c41d4321e6827521c": [{"UserName": "@c6a371d3cc5efad9422d3fb0580c53b686f25d099d4870aefc70a666eafe6815", "RemarkPYQuanPin": "", "DisplayName": "", "KeyWord": "", "PYInitial": "", "Uin": 0, "MemberStatus": 0, "PYQuanPin": "", "RemarkPYInitial": "", "NickName": "\u591a\u5403\u70b9\u513f", "AttrStatus": 4133}, {"UserName": "@5eff63aa219d640941623b358d56903d", "RemarkPYQuanPin": "", "DisplayName": "", "KeyWord": "QWs", "PYInitial": "", "Uin": 0, "MemberStatus": 0, "PYQuanPin": "", "RemarkPYInitial": "", "NickName": "H77", "AttrStatus": 37875815}, {"UserName": "@4d524be87029cacb2a8e682c29c03dc18ac52f308d747669cf21f1c1574cb13f", "RemarkPYQuanPin": "", "DisplayName": "", "KeyWord": "", "PYInitial": "", "Uin": 0, "MemberStatus": 0, "PYQuanPin": "", "RemarkPYInitial": "", "NickName": "Xobot", "AttrStatus": 33656837}, {"UserName": "@a2ed0ccba2d9b53b351f228835d5f6895f2f801791ecde1751f1813c9464ff0b", "RemarkPYQuanPin": "", "DisplayName": "", "KeyWord": "", "PYInitial": "", "Uin": 0, "MemberStatus": 0, "PYQuanPin": "", "RemarkPYInitial": "", "NickName": "\u91d1\u7fc5\u64d8\u6d77", "AttrStatus": 36919}, {"UserName": "@50b9171621428df64ea030289c1e8fae", "RemarkPYQuanPin": "", "DisplayName": "", "KeyWord": "qut", "PYInitial": "", "Uin": 0, "MemberStatus": 0, "PYQuanPin": "", "RemarkPYInitial": "", "NickName": "\u6881\u6654\u6656", "AttrStatus": 4135}, {"UserName": "@681456da750a7e414d55814e6637288621331ab3362ba31e8ee85c9b3e130614", "RemarkPYQuanPin": "", "DisplayName": "", "KeyWord": "", "PYInitial": "", "Uin": 0, "MemberStatus": 0, "PYQuanPin": "", "RemarkPYInitial": "", "NickName": "<span class=\"emoji emoji1f3b5\"></span>   \u963f\u4fee\u7f57", "AttrStatus": 4133}], "@@c1a2ef946ce67b8387370f0551f4834b3e6f8d61f2887a87bc6e501ee5e683e8": [{"UserName": "@31690ce967d521f2c4cadd09c7d0dd1ba1b689f6c1b05142529319b782bbbc07", "RemarkPYQuanPin": "", "DisplayName": "", "KeyWord": "", "PYInitial": "", "Uin": 0, "MemberStatus": 0, "PYQuanPin": "", "RemarkPYInitial": "", "NickName": "\u6f06\u5802\u6625123", "AttrStatus": 102437}, {"UserName": "@91a9f189620fa5fdf38effb5ffdc9d02", "RemarkPYQuanPin": "", "DisplayName": "", "KeyWord": "qij", "PYInitial": "", "Uin": 0, "MemberStatus": 0, "PYQuanPin": "", "RemarkPYInitial": "", "NickName": "<span class=\"emoji emoji1f342\"></span>\u5728\u4f60\u5de6\u8fb9<span class=\"emoji emoji1f340\"></span>\ud83d\udc0f", "AttrStatus": 33667711}, {"UserName": "@88163e52d5ac9e2c85a2945327c47fe6", "RemarkPYQuanPin": "", "DisplayName": "", "KeyWord": "min", "PYInitial": "", "Uin": 0, "MemberStatus": 0, "PYQuanPin": "", "RemarkPYInitial": "", "NickName": "\u6f06\u6f06", "AttrStatus": 104743}, {"UserName": "@6d8e54a6edf406ead60c02a408e8e237505c8a1d3a57d607f20decd0c5a3e359", "RemarkPYQuanPin": "", "DisplayName": "", "KeyWord": "", "PYInitial": "", "Uin": 0, "MemberStatus": 0, "PYQuanPin": "", "RemarkPYInitial": "", "NickName": "\u968f\u5176\u81ea\u7136", "AttrStatus": 103205}, {"UserName": "@5eff63aa219d640941623b358d56903d", "RemarkPYQuanPin": "", "DisplayName": "\u6f06\u4f1f", "KeyWord": "QWs", "PYInitial": "", "Uin": 0, "MemberStatus": 0, "PYQuanPin": "", "RemarkPYInitial": "", "NickName": "H77", "AttrStatus": 37875815}, {"UserName": "@68656a09e202116600e0662feaf5947b", "RemarkPYQuanPin": "", "DisplayName": "", "KeyWord": "aa0", "PYInitial": "", "Uin": 0, "MemberStatus": 0, "PYQuanPin": "", "RemarkPYInitial": "", "NickName": "\u4f46\u8d85<span class=\"emoji emoji1f525\"></span>", "AttrStatus": 102439}, {"UserName": "@eebb5a7098be7656e9deb69f509cd997a1b1180ddeadfd7df0123398fa3683c0", "RemarkPYQuanPin": "", "DisplayName": "", "KeyWord": "", "PYInitial": "", "Uin": 0, "MemberStatus": 0, "PYQuanPin": "", "RemarkPYInitial": "", "NickName": "\u5f20\u6708\u743c", "AttrStatus": 4133}, {"UserName": "@174cb68f62a1fffba17bc5285a0d962e43c8c69bcf70b690a476e7a7ef5af217", "RemarkPYQuanPin": "", "DisplayName": "", "KeyWord": "", "PYInitial": "", "Uin": 0, "MemberStatus": 0, "PYQuanPin": "", "RemarkPYInitial": "", "NickName": "<span class=\"emoji emoji1f342\"></span>\u5728\u4f60\u53f3\u8fb9<span class=\"emoji emoji1f33f\"></span>\ud83d\udc0f", "AttrStatus": 33789991}, {"UserName": "@dde0976923fc97a3b898673df7e7c2caafd329202e277f3d4db7d421729c7207", "RemarkPYQuanPin": "", "DisplayName": "", "KeyWord": "", "PYInitial": "", "Uin": 0, "MemberStatus": 0, "PYQuanPin": "", "RemarkPYInitial": "", "NickName": "\u5f20\u6653\u82f1", "AttrStatus": 4197}, {"UserName": "@836f033b250f1c3b7faf02dc54713f8b2bdf654be7b7a7bb6b2c6ff25f2c7205", "RemarkPYQuanPin": "", "DisplayName": "", "KeyWord": "", "PYInitial": "", "Uin": 0, "MemberStatus": 0, "PYQuanPin": "", "RemarkPYInitial": "", "NickName": "\u8001\u4e5d", "AttrStatus": 102437}, {"UserName": "@e9759b92408821d7b56bc7673852da6b7765b50551301db8247e086286f791c6", "RemarkPYQuanPin": "", "DisplayName": "", "KeyWord": "", "PYInitial": "", "Uin": 0, "MemberStatus": 0, "PYQuanPin": "", "RemarkPYInitial": "", "NickName": "\u6f06\u5802\u91d1", "AttrStatus": 102437}, {"UserName": "@cb4d3d04c3782174503845ff588dd177aad3fa7d7d591871b00efb29b4b05cc9", "RemarkPYQuanPin": "", "DisplayName": "", "KeyWord": "", "PYInitial": "", "Uin": 0, "MemberStatus": 0, "PYQuanPin": "", "RemarkPYInitial": "", "NickName": "\u5927\u53d4", "AttrStatus": 102501}, {"UserName": "@cedaaa0d0de3d1314c4c349ebdcc2fa79e2fe30549fbdc09790df84a3a546810", "RemarkPYQuanPin": "", "DisplayName": "\u6e38\u5fb7\u826f", "KeyWord": "", "PYInitial": "", "Uin": 0, "MemberStatus": 0, "PYQuanPin": "", "RemarkPYInitial": "", "NickName": "\u624b\u7275\u624b\u7684\u627f\u8bfa", "AttrStatus": 4927}, {"UserName": "@f00af9e1e9bc287bfa043ec71bcbb98450c1e0aa52ef9a357abd7a243d759f9c", "RemarkPYQuanPin": "", "DisplayName": "", "KeyWord": "", "PYInitial": "", "Uin": 0, "MemberStatus": 0, "PYQuanPin": "", "RemarkPYInitial": "", "NickName": "\u79c0\u79c0", "AttrStatus": 4865}, {"UserName": "@4521be3e58daba402247f78c93d00777f55cc875f30d9664a4d8d9218ff73273", "RemarkPYQuanPin": "", "DisplayName": "\u6f06\u8d85\u4f1a", "KeyWord": "", "PYInitial": "", "Uin": 0, "MemberStatus": 0, "PYQuanPin": "", "RemarkPYInitial": "", "NickName": "<span class=\"emoji emoji1f48d\"></span>7  \u00b7  7", "AttrStatus": 104957}, {"UserName": "@1e141ce4621a455ffd019a7ba86ac604", "RemarkPYQuanPin": "", "DisplayName": "", "KeyWord": "Dj5", "PYInitial": "", "Uin": 0, "MemberStatus": 0, "PYQuanPin": "", "RemarkPYInitial": "", "NickName": "\u6bb5\u6d01", "AttrStatus": 107389}, {"UserName": "@731a5a470f60adfd03660aac3699bbd82edf7dbbdf3ab3b803bbbbbb00ea85d7", "RemarkPYQuanPin": "", "DisplayName": "", "KeyWord": "", "PYInitial": "", "Uin": 0, "MemberStatus": 0, "PYQuanPin": "", "RemarkPYInitial": "", "NickName": "Clark", "AttrStatus": 4133}, {"UserName": "@80518bb0df35d82b5b2d4e9e19e3c816646dc8fdef84b12cc3e13e9ae26a5016", "RemarkPYQuanPin": "", "DisplayName": "", "KeyWord": "", "PYInitial": "", "Uin": 0, "MemberStatus": 0, "PYQuanPin": "", "RemarkPYInitial": "", "NickName": "\u73cd\u60dc<span class=\"emoji emoji1f339\"></span> <span class=\"emoji emoji1f334\"></span> <span class=\"emoji emoji1f33c\"></span> <span class=\"emoji emoji1f337\"></span> <span class=\"emoji emoji1f339\"></span> <span class=\"emoji emoji1f40e\"></span> <span class=\"emoji emoji1f420\"></span>", "AttrStatus": 4133}, {"UserName": "@c6a371d3cc5efad9422d3fb0580c53b686f25d099d4870aefc70a666eafe6815", "RemarkPYQuanPin": "", "DisplayName": "", "KeyWord": "", "PYInitial": "", "Uin": 0, "MemberStatus": 0, "PYQuanPin": "", "RemarkPYInitial": "", "NickName": "\u591a\u5403\u70b9\u513f", "AttrStatus": 4133}, {"UserName": "@27f8621877c1df359e52d1875ecd8fef431c76b4216af38d5fcec558dc1037bf", "RemarkPYQuanPin": "", "DisplayName": "", "KeyWord": "", "PYInitial": "", "Uin": 0, "MemberStatus": 0, "PYQuanPin": "", "RemarkPYInitial": "", "NickName": "\u7b80\u5355", "AttrStatus": 4133}, {"UserName": "@b3bc1865187a2e9e2354fafe13331ac757ccc5055fa2697fbe30f89939ebce15", "RemarkPYQuanPin": "", "DisplayName": "", "KeyWord": "", "PYInitial": "", "Uin": 0, "MemberStatus": 0, "PYQuanPin": "", "RemarkPYInitial": "", "NickName": "\u5c0f\u7b28\u86cb", "AttrStatus": 4645}, {"UserName": "@88f14c85a3c914438caf802e2fd8baaab5beb6321a098b6be90dbfee6ec3799d", "RemarkPYQuanPin": "", "DisplayName": "", "KeyWord": "", "PYInitial": "", "Uin": 0, "MemberStatus": 0, "PYQuanPin": "", "RemarkPYInitial": "", "NickName": "\u6f06\u5927\u54e5", "AttrStatus": 135205}, {"UserName": "@114e565e264282066ff96b91d306788e148f70c69551bb796914030058b95d22", "RemarkPYQuanPin": "", "DisplayName": "", "KeyWord": "", "PYInitial": "", "Uin": 0, "MemberStatus": 0, "PYQuanPin": "", "RemarkPYInitial": "", "NickName": "\u4e91\u4e0a\u82b1", "AttrStatus": 4133}, {"UserName": "@fd0fbf110abbad8ccf617eaf3e2da74442183a74a25373b2f27853791260f1b4", "RemarkPYQuanPin": "", "DisplayName": "", "KeyWord": "", "PYInitial": "", "Uin": 0, "MemberStatus": 0, "PYQuanPin": "", "RemarkPYInitial": "", "NickName": "\u5fc6\u6210\u6b87", "AttrStatus": 4197}, {"UserName": "@252708d00aed4602cb26fcfd020a8b9a70f1361d2c0a5e43782cd534c1b7b205", "RemarkPYQuanPin": "", "DisplayName": "\u7389\u660e", "KeyWord": "", "PYInitial": "", "Uin": 0, "MemberStatus": 0, "PYQuanPin": "", "RemarkPYInitial": "", "NickName": "\u5b89\u742a\u513f", "AttrStatus": 102437}, {"UserName": "@0f5d8c35a233bf440ab6d62e540c3158c3714be4ddb84fc32cd85cf24a7df56d", "RemarkPYQuanPin": "", "DisplayName": "\u6f06\u633a", "KeyWord": "", "PYInitial": "", "Uin": 0, "MemberStatus": 0, "PYQuanPin": "", "RemarkPYInitial": "", "NickName": "\u4ed6\u7239", "AttrStatus": 16879653}, {"UserName": "@41d59ca3d90c5e33de259725c17b58004ea549e8d15c9acd5cd43920247d8c9f", "RemarkPYQuanPin": "", "DisplayName": "", "KeyWord": "", "PYInitial": "", "Uin": 0, "MemberStatus": 0, "PYQuanPin": "", "RemarkPYInitial": "", "NickName": "\u8d62", "AttrStatus": 2147717221}, {"UserName": "@4d524be87029cacb2a8e682c29c03dc18ac52f308d747669cf21f1c1574cb13f", "RemarkPYQuanPin": "", "DisplayName": "", "KeyWord": "", "PYInitial": "", "Uin": 0, "MemberStatus": 0, "PYQuanPin": "", "RemarkPYInitial": "", "NickName": "Xobot", "AttrStatus": 33656837}]}